Name,Code,Barcode Symbology,Brand,Category Code,Unit Code,Sale Unit Code, Purchase Unit Code,Cost,Price,Alert Quantity, Tax Rate Name,Tax Method,Image,Subcategory Code,Product Variants Separated by |,Custom Field 1,Custom Field 2,Custom Field 3,Custom Field 4,Custom Field 5,Custom Field 6
????????? ???,ISK10001,code128,Guess,MSL,Bav,Bav,Bav," 27,000.00 "," 33,000.00 ",5,,,,,,,,,,,
??????????? ???,ISK10002,,,MSL,Bav,Bav,Bav," 33,000.00 "," 40,000.00 ",5,,,,,,,,,,,
????????????? ??? 9??,ISK10003,,,MSL,sl,sl,sl," 20,000.00 "," 26,000.00 ",20,,,,,,,,,,,
????????????? GM,ISK10004,,,MSL,sl,sl,sl," 18,000.00 "," 24,000.00 ",20,,,,,,,,,,,
????????????? ????? 8??,ISK10005,,,MSL,sl,sl,sl," 19,000.00 "," 25,000.00 ",20,,,,,,,,,,,
E0.25,ISK10006,,,MSL,bach,bach,bach," 40,000.00 "," 48,000.00 ",10,,,,,,,,,,,
???????,ISK10007,,,MSL,KG,KG,KG," 7,500.00 "," 10,000.00 ",20,,,,,,,,,,,
????????????,ISK10008,,,MSL,Thorng,Thorng,Thorng," 3,700.00 "," 5,000.00 ",15,,,,,,,,,,,
V3 ?????? I,ISK10009,,,IronV,Derm,Derm,Derm," 13,200.00 "," 18,000.00 ",20,,,,,,,,,,,
V3 ?????? II,ISK10010,,,IronV,Derm,Derm,Derm," 18,380.96 "," 25,000.00 ",20,,,,,,,,,,,
V4 ????? I,ISK10011,,,IronV,Derm,Derm,Derm," 18,852.27 "," 25,000.00 ",20,,,,,,,,,,,
V4 ???????????? IV,ISK10012,,,IronV,Derm,Derm,Derm," 29,456.67 "," 38,000.00 ",20,,,,,,,,,,,
V4 ????????????????? V,ISK10013,,,IronV,Derm,Derm,Derm," 32,520.16 "," 43,000.00 ",20,,,,,,,,,,,
V5 ????? I,ISK10014,,,IronV,Derm,Derm,Derm," 31,931.03 "," 43,000.00 ",20,,,,,,,,,,,
V5 ?????? II,ISK10015,,,IronV,Derm,Derm,Derm," 37,704.54 "," 48,000.00 ",20,,,,,,,,,,,
V5 ????????????????? V,ISK10016,,,IronV,Derm,Derm,Derm," 41,239.34 "," 55,000.00 ",20,,,,,,,,,,,
V6 ?????? (22kg) PP,ISK10017,,,IronV,Derm,Derm,Derm," 53,634.70 "," 80,000.00 ",5,,,,,,,,,,,
V6 ???????????? (32kg) VN,ISK10018,,,IronV,Derm,Derm,Derm," 75,409.07 "," 100,000.00 ",5,,,,,,,,,,,
V75 ,ISK10019,,,IronV,Derm,Derm,Derm," 102,705.00 "," 125,000.00 ",5,,,,,,,,,,,
V75 ??????,ISK10020,,,IronV,Derm,Derm,Derm," 140,056.00 "," 170,000.00 ",5,,,,,,,,,,,
?????? 21 1.1??,ISK10021,,,IronQ,Derm,Derm,Derm," 7,175.00 "," 11,000.00 ",10,,,,,,,,,,,
?????? 21 1.4??,ISK10022,,,IronQ,Derm,Derm,Derm," 10,045.00 "," 14,000.00 ",10,,,,,,,,,,,
?????? 21 2??,ISK10023,,,IronQ,Derm,Derm,Derm," 14,350.00 "," 18,000.00 ",10,,,,,,,,,,,
?????? 27 1.3??,ISK10024,,,IronQ,Derm,Derm,Derm," 10,250.00 "," 15,000.00 ",10,,,,,,,,,,,
?????? 27 1.5??,ISK10025,,,IronQ,Derm,Derm,Derm," 13,161.00 "," 20,000.00 ",10,,,,,,,,,,,
?????? 27 2??,ISK10026,,,IronQ,Derm,Derm,Derm," 18,450.00 "," 24,000.00 ",10,,,,,,,,,,,
?????? 34  1.3??,ISK10027,,,IronQ,Derm,Derm,Derm," 11,685.00 "," 20,000.00 ",10,,,,,,,,,,,
?????? 34 1.5??,ISK10028,,,IronQ,Derm,Derm,Derm," 16,769.00 "," 26,000.00 ",10,,,,,,,,,,,
?????? 34 2??,ISK10029,,,IronQ,Derm,Derm,Derm," 23,985.00 "," 30,000.00 ",10,,,,,,,,,,,
??????  42 1.3??,ISK10030,,,IronQ,Derm,Derm,Derm," 16,892.00 "," 26,000.00 ",10,,,,,,,,,,,
?????? 42 1.5??,ISK10031,,,IronQ,Derm,Derm,Derm," 21,730.00 "," 30,000.00 ",10,,,,,,,,,,,
?????? 42 2??,ISK10032,,,IronQ,Derm,Derm,Derm," 28,905.00 "," 40,000.00 ",10,,,,,,,,,,,
?????? 49 1.5??,ISK10033,,,IronQ,Derm,Derm,Derm," 19,680.00 "," 40,000.00 ",10,,,,,,,,,,,
?????? 49 2??,ISK10034,,,IronQ,Derm,Derm,Derm," 32,144.00 "," 45,000.00 ",10,,,,,,,,,,,
?????? 60 1.5??,ISK10035,,,IronQ,Derm,Derm,Derm," 25,010.00 "," 50,000.00 ",2,,,,,,,,,,,
?????? 60 2??,ISK10036,,,IronQ,Derm,Derm,Derm," 34,850.00 "," 60,000.00 ",2,,,,,,,,,,,
?????? 75 1.4?? ?,ISK10037,,,IronQ,Derm,Derm,Derm," 31,570.00 "," 60,000.00 ",2,,,,,,,,,,,
?????? 90 1.5??,ISK10038,,,IronQ,Derm,Derm,Derm," 42,230.00 "," 65,000.00 ",2,,,,,,,,,,,
??? U 40,ISK10039,,,IronQ,Derm,Derm,Derm," 48,000.00 "," 58,000.00 ",10,,,,,,,,,,,
??? U 50,ISK10040,,,IronU,Derm,Derm,Derm," 31,816.00 "," 50,000.00 ",10,,,,,,,,,,,
??? U 60,ISK10041,,,IronU,Derm,Derm,Derm," 37,802.00 "," 60,000.00 ",10,,,,,,,,,,,
??? U 80,ISK10042,,,IronU,Derm,Derm,Derm," 46,945.00 "," 75,000.00 ",10,,,,,,,,,,,
??? U 80 ??????,ISK10043,,,IronU,Derm,Derm,Derm," 67,650.00 "," 115,000.00 ",10,,,,,,,,,,,
??? U 100,ISK10044,,,IronU,Derm,Derm,Derm," 71,586.00 "," 110,000.00 ",10,,,,,,,,,,,
??? U 100 ??????,ISK10045,,,IronU,Derm,Derm,Derm," 103,402.00 "," 150,000.00 ",10,,,,,,,,,,,
??? U 120,ISK10046,,,IronU,Derm,Derm,Derm," 93,439.00 "," 160,000.00 ",5,,,,,,,,,,,
??? U 140,ISK10047,,,IronU,Derm,Derm,Derm," 114,800.00 "," 200,000.00 ",5,,,,,,,,,,,
?????? 15?? 8M,ISK10048,,,IronL,Derm,Derm,Derm," 29,028.00 "," 35,000.00 ",10,,,,,,,,,,,
?????? 17?? 8M,ISK10049,,,IronL,Derm,Derm,Derm," 34,850.00 "," 42,000.00 ",10,,,,,,,,,,,
?????? 20??,ISK10050,,,IronL,Derm,Derm,Derm," 31,365.00 "," 55,000.00 ",5,,,,,,,,,,,
?????? 25??,ISK10051,,,IronL,Derm,Derm,Derm," 47,970.00 "," 70,000.00 ",5,,,,,,,,,,,
????????? 1M  1.5??,ISK10052,,,IronPlate,sl,sl,sl," 59,060.50 "," 80,000.00 ",5,,,,,,,,,,,
????????? 1M  2??,ISK10053,,,IronPlate,sl,sl,sl," 76,916.00 "," 100,000.00 ",5,,,,,,,,,,,
????????? 1.25? 1.2??,ISK10054,,,IronPlate,sl,sl,sl," 109,880.00 "," 100,000.00 ",5,,,,,,,,,,,
????????? 1.25? 2.?? ? PP,ISK10055,,,IronPlate,sl,sl,sl," 134,603.00 "," 180,000.00 ",5,,,,,,,,,,,
????????? 1.25? 1.5??,ISK10056,,,IronPlate,sl,sl,sl," 93,398.00 "," 120,000.00 ",5,,,,,,,,,,,
????????? 1.25? 2??,ISK10057,,,IronPlate,sl,sl,sl," 120,868.00 "," 150,000.00 ",5,,,,,,,,,,,
????????? 1.25? 2.5??,ISK10058,,,IronPlate,sl,sl,sl," 164,820.00 "," 220,000.00 ",5,,,,,,,,,,,
????????? 1.25? 3??,ISK10059,,,IronPlate,sl,sl,sl," 188,169.50 "," 250,000.00 ",5,,,,,,,,,,,
??????? 25*40,ISK10060,,,IronRN,Derm,Derm,Derm," 8,610.00 "," 12,000.00 ",20,,,,,,,,,,,
??????? 25*60,ISK10061,,,IronRN,Derm,Derm,Derm," 17,015.00 "," 20,000.00 ",20,,,,,,,,,,,
??????? 20*40,ISK10062,,,IronRN,Derm,Derm,Derm," 5,330.00 "," 8,000.00 ",20,,,,,,,,,,,
??????? 20*60,ISK10063,,,IronRN,Derm,Derm,Derm," 9,594.00 "," 16,000.00 ",20,,,,,,,,,,,
??????? 30*60 3M Teak,ISK10064,,,IronRN,Derm,Derm,Derm," 12,300.00 "," 15,000.00 ",10,,,,,,,,,,,
??????? 30*60 6M,ISK10065,,,IronRN,Derm,Derm,Derm," 17,220.00 "," 25,000.00 ",10,,,,,,,,,,,
??????? 30*10 3M Teak,ISK10066,,,IronRN,Derm,Derm,Derm," 15,375.00 "," 18,500.00 ",10,,,,,,,,,,,
??????? 40*4 3M,ISK10067,,,IronRN,Derm,Derm,Derm," 12,628.00 "," 15,000.00 ",10,,,,,,,,,,,
??????? 40*4 6M,ISK10068,,,IronRN,Derm,Derm,Derm," 14,760.00 "," 18,500.00 ",10,,,,,,,,,,,
??????? 40*5 3M Teak,ISK10069,,,IronRN,Derm,Derm,Derm," 13,776.00 "," 18,000.00 ",10,,,,,,,,,,,
??????? 40*6 3M Teak,ISK10070,,,IronRN,Derm,Derm,Derm," 16,482.00 "," 22,000.00 ",10,,,,,,,,,,,
??????? 40*6 6M,ISK10071,,,IronRN,Derm,Derm,Derm," 20,664.00 "," 32,000.00 ",10,,,,,,,,,,,
??????? 40*8 6M,ISK10072,,,IronRN,Derm,Derm,Derm," 42,763.00 "," 52,000.00 ",10,,,,,,,,,,,
??????? 50*4 3M,ISK10073,,,IronRN,Derm,Derm,Derm," 15,006.00 "," 18,000.00 ",10,,,,,,,,,,,
??????? 50*5,ISK10074,,,IronRN,Derm,Derm,Derm," 18,450.00 "," 22,000.00 ",10,,,,,,,,,,,
??????? 50*6,ISK10075,,,IronRN,Derm,Derm,Derm," 20,500.00 "," 24,500.00 ",10,,,,,,,,,,,
??????? 60*10,ISK10076,,,IronRN,Derm,Derm,Derm," 38,581.00 "," 45,000.00 ",20,,,,,,,,,,,
??????? 75*10 6? ??????,ISK10077,,,IronRN,Derm,Derm,Derm," 95,325.00 "," 130,000.00 ",5,,,,,,,,,,,
??????? 36 ???,ISK10078,,,KTD,Unit,Unit,Unit," 59,450.00 "," 80,000.00 ",2,,,,,,,,,,,
??????? 42 ???,ISK10079,,,KTD,Unit,Unit,Unit," 104,550.00 "," 120,000.00 ",2,,,,,,,,,,,
??????? 48 ???,ISK10080,,,KTD,Unit,Unit,Unit," 106,600.00 "," 140,000.00 ",2,,,,,,,,,,,
?????? 10,ISK10081,,,KLAK,Krob,Krob,Krob," 1,845.00 "," 2,500.00 ",5,,,,,,,,,,,
?????? 12,ISK10082,,,KLAK,Krob,Krob,Krob," 3,075.00 "," 5,000.00 ",5,,,,,,,,,,,
?????? 14,ISK10083,,,KLAK,Krob,Krob,Krob," 3,895.00 "," 6,000.00 ",5,,,,,,,,,,,
?????? 16,ISK10084,,,KLAK,Krob,Krob,Krob," 4,920.00 "," 8,000.00 ",5,,,,,,,,,,,
?????? 18,ISK10085,,,KLAK,Krob,Krob,Krob," 6,970.00 "," 10,000.00 ",5,,,,,,,,,,,
?????? 20,ISK10086,,,KLAK,Krob,Krob,Krob," 7,790.00 "," 12,000.00 ",5,,,,,,,,,,,
?????? ????? ??? 12,ISK10087,,,KL-DOOR,Krob,Krob,Krob," 2,091.00 "," 5,000.00 ",10,,,,,,,,,,,
?????? ????? ??? 6,ISK10088,,,KL-DOOR,Krob,Krob,Krob, 820.00 ," 1,500.00 ",10,,,,,,,,,,,
?????? ????? ??? 8,ISK10089,,,KL-DOOR,Krob,Krob,Krob," 1,681.00 "," 4,000.00 ",10,,,,,,,,,,,
??????????? ??? 4,ISK10090,,,KL-DOOR,Krob,Krob,Krob, 902.00 ," 1,500.00 ",10,,,,,,,,,,,
?????????? ???,ISK10091,,,KL-DOOR,Krob,Krob,Krob," 1,435.00 "," 2,500.00 ",10,,,,,,,,,,,
?????????? ??,ISK10092,,,KL-DOOR,Krob,Krob,Krob," 1,640.00 "," 3,000.00 ",10,,,,,,,,,,,
?????? 102,ISK10093,,,KUYE,Krob,Krob,Krob," 1,025.00 "," 4,000.00 ",10,,,,,,,,,,,
?????? 13 ,ISK10094,,,KUYE,Krob,Krob,Krob, 512.50 ," 2,000.00 ",10,,,,,,,,,,,
?????? 16,ISK10095,,,KUYE,Krob,Krob,Krob, 512.50 ," 2,000.00 ",10,,,,,,,,,,,
?????? 19,ISK10096,,,KUYE,Krob,Krob,Krob, 512.50 ," 2,000.00 ",10,,,,,,,,,,,
?????? 25 ,ISK10097,,,KUYE,Krob,Krob,Krob, 553.50 ," 2,000.00 ",10,,,,,,,,,,,
?????? 29,ISK10098,,,KUYE,Krob,Krob,Krob, 594.50 ," 2,500.00 ",10,,,,,,,,,,,
?????? 41 ,ISK10099,,,KUYE,Krob,Krob,Krob, 697.00 ," 2,500.00 ",10,,,,,,,,,,,
?????? 48,ISK10100,,,KUYE,Krob,Krob,Krob, 779.00 ," 3,000.00 ",10,,,,,,,,,,,
?????? 54,ISK10101,,,KUYE,Krob,Krob,Krob, 779.00 ," 3,000.00 ",10,,,,,,,,,,,
?????? 70,ISK10102,,,KUYE,Krob,Krob,Krob, 861.00 ," 3,000.00 ",10,,,,,,,,,,,
?????? 80,ISK10103,,,KUYE,Krob,Krob,Krob, 861.00 ," 3,000.00 ",10,,,,,,,,,,,
?? 2.5,ISK10104,,,JORB,Unit,Unit,Unit," 16,400.00 "," 22,000.00 ",5,,,,,,,,,,,
?? 3,ISK10105,,,JORB,Unit,Unit,Unit," 16,728.00 "," 22,000.00 ",5,,,,,,,,,,,
???? 2,ISK10106,,,JORB,Unit,Unit,Unit," 15,703.00 "," 20,000.00 ",5,,,,,,,,,,,
???????? 10??,ISK10107,,,Chain,M,M,M," 6,560.00 "," 20,000.00 ",20,,,,,,,,,,,
???????? 12??,ISK10108,,,Chain,M,M,M," 10,250.00 "," 15,000.00 ",20,,,,,,,,,,,
???????? 3??,ISK10109,,,Chain,M,M,M, 930.70 ," 2,000.00 ",20,,,,,,,,,,,
???????? 4??,ISK10110,,,Chain,M,M,M," 1,365.30 "," 3,000.00 ",20,,,,,,,,,,,
???????? 5??,ISK10111,,,Chain,M,M,M," 2,275.50 "," 4,000.00 ",20,,,,,,,,,,,
???????? 6??,ISK10112,,,Chain,M,M,M," 2,927.40 "," 5,000.00 ",20,,,,,,,,,,,
???????? 7??,ISK10113,,,Chain,M,M,M," 4,100.00 "," 7,000.00 ",20,,,,,,,,,,,
???????? 8??,ISK10114,,,Chain,M,M,M," 5,125.00 "," 8,000.00 ",20,,,,,,,,,,,
??? 0.5,ISK10115,,,PAINTER,derm,derm,derm," 2,460.00 ", 500.00 ,30,,,,,,,,,,,
??? 1,ISK10116,,,PAINTER,derm,derm,derm," 3,690.00 "," 1,000.00 ",30,,,,,,,,,,,
??? 1.5,ISK10117,,,PAINTER,derm,derm,derm," 4,920.00 "," 1,000.00 ",30,,,,,,,,,,,
??? 2,ISK10118,,,PAINTER,derm,derm,derm," 5,740.00 "," 1,500.00 ",30,,,,,,,,,,,
??? 2.5,ISK10119,,,PAINTER,derm,derm,derm," 9,020.00 "," 2,000.00 ",30,,,,,,,,,,,
??? 3,ISK10120,,,PAINTER,derm,derm,derm," 9,840.00 "," 2,500.00 ",30,,,,,,,,,,,
??? 4,ISK10121,,,PAINTER,derm,derm,derm," 11,890.00 "," 3,500.00 ",30,,,,,,,,,,,
??????,ISK10122,,,ConEqui,Unit,Unit,Unit," 2,624.00 "," 4,000.00 ",20,,,,,,,,,,,
?????? ,ISK10123,,,ConEqui,Unit,Unit,Unit, 369.00 ," 1,000.00 ",20,,,,,,,,,,,
?????,ISK10124,,,ConEqui,Unit,Unit,Unit," 1,599.00 "," 2,500.00 ",20,,,,,,,,,,,
???? 0.3??,ISK10125,,,Hammer,Unit,Unit,Unit," 2,870.00 "," 4,000.00 ",5,,,,,,,,,,,
???? 0.5??,ISK10126,,,Hammer,Unit,Unit,Unit," 3,280.00 "," 5,000.00 ",5,,,,,,,,,,,
???? 1.5??,ISK10127,,,Hammer,Unit,Unit,Unit," 6,970.00 "," 9,000.00 ",5,,,,,,,,,,,
???? 1??,ISK10128,,,Hammer,Unit,Unit,Unit," 4,510.00 "," 7,000.00 ",5,,,,,,,,,,,
???? 2??,ISK10129,,,Hammer,Unit,Unit,Unit," 7,790.00 "," 10,000.00 ",5,,,,,,,,,,,
???? 3??,ISK10130,,,Hammer,Unit,Unit,Unit," 9,840.00 "," 14,000.00 ",5,,,,,,,,,,,
???? 5??,ISK10131,,,Hammer,Unit,Unit,Unit," 23,370.00 "," 30,000.00 ",5,,,,,,,,,,,
??????,ISK10132,,,ConEqui,Unit,Unit,Unit," 5,805.60 "," 10,000.00 ",5,,,,,,,,,,,
???????????,ISK10133,,,Nail,KG,KG,KG," 3,690.00 "," 6,000.00 ",30,,,,,,,,,,,
?????? 1???,ISK10134,,,Nail,KG,KG,KG," 3,157.00 "," 5,000.00 ",30,,,,,,,,,,,
?????? 8???,ISK10135,,,Nail,KG,KG,KG," 3,157.00 "," 5,000.00 ",30,,,,,,,,,,,
?????? 7???,ISK10136,,,Nail,KG,KG,KG," 3,157.00 "," 5,000.00 ",30,,,,,,,,,,,
?????? 6???,ISK10137,,,Nail,KG,KG,KG," 3,157.00 "," 5,000.00 ",30,,,,,,,,,,,
?????? 5???,ISK10138,,,Nail,KG,KG,KG," 3,157.00 "," 5,000.00 ",30,,,,,,,,,,,
?????? 4???,ISK10139,,,Nail,KG,KG,KG," 3,157.00 "," 5,000.00 ",30,,,,,,,,,,,
?????? 3???,ISK10140,,,Nail,KG,KG,KG," 3,157.00 "," 5,000.00 ",30,,,,,,,,,,,
????????????,ISK10141,,,Nail,KG,KG,KG," 3,157.00 "," 5,000.00 ",30,,,,,,,,,,,
????????????? ??????,ISK10142,,,Nail,KG,KG,KG," 3,321.00 "," 6,000.00 ",30,,,,,,,,,,,
?????? ??? 4 ,ISK10143,,,D-CHHAP,derm,derm,derm, 861.00 ," 1,000.00 ",20,,,,,,,,,,,
?????? ??? 5,ISK10144,,,D-CHHAP,derm,derm,derm," 1,025.00 "," 1,500.00 ",20,,,,,,,,,,,
?????? ??? 6,ISK10145,,,D-CHHAP,derm,derm,derm," 1,262.80 "," 2,000.00 ",20,,,,,,,,,,,
????? ,ISK10146,,,ConEqui,Unit,Unit,Unit," 4,444.40 "," 6,000.00 ",10,,,,,,,,,,,
?? Osaka,ISK10147,,,ConEqui,Unit,Unit,Unit, 574.00 ," 1,500.00 ",30,,,,,,,,,,,
????????????,ISK10148,,,ConEqui,Unit,Unit,Unit," 2,665.00 "," 4,000.00 ",10,,,,,,,,,,,
?????? ?? 200,ISK10149,,,ConEqui,Unit,Unit,Unit," 8,610.00 "," 12,000.00 ",10,,,,,,,,,,,
??????? ,ISK10150,,,ConEqui,KG,KG,KG," 8,610.00 "," 12,000.00 ",2,,,,,,,,,,,
???????? 102    24,ISK10151,,,TR-JREAK,Krob,Krob,Krob," 1,066.00 "," 2,500.00 ",50,,,,,,,,,,,
???????? 63,ISK10152,,,TR-JREAK,Krob,Krob,Krob, 820.00 ," 1,500.00 ",50,,,,,,,,,,,
???????? 76,ISK10153,,,TR-JREAK,Krob,Krob,Krob, 943.00 ," 2,000.00 ",50,,,,,,,,,,,
?????? ??? 12,ISK10154,,,TR-JREAK,Krob,Krob,Krob, 959.40 ," 1,500.00 ",50,,,,,,,,,,,
????????? 1.2???,ISK10155,,,TR-JREAK,Krob,Krob,Krob," 4,756.00 "," 10,000.00 ",20,,,,,,,,,,,
???????? 1.2???,ISK10156,,,TR-JREAK,Krob,Krob,Krob," 4,756.00 "," 10,000.00 ",20,,,,,,,,,,,
??????? 14   ,ISK10157,,,TR-YOV,Krob,Krob,Krob, 192.70 , 500.00 ,50,,,,,,,,,,,
??????? 16    ,ISK10158,,,TR-YOV,Krob,Krob,Krob, 205.00 , 700.00 ,50,,,,,,,,,,,
??????? ????? ,ISK10159,,,TR-YOV,Krob,Krob,Krob, 492.00 ," 1,000.00 ",50,,,,,,,,,,,
??????? 1.2???,ISK10160,,,ISK01,Krob,Krob,Krob," 3,690.00 "," 5,000.00 ",50,,,,,,,,,,,
??????? 1.5???,ISK10161,,,ISK01,Krob,Krob,Krob," 4,510.00 "," 6,000.00 ",50,,,,,,,,,,,
??????? 1.8???,ISK10162,,,ISK01,Krob,Krob,Krob," 5,740.00 "," 7,000.00 ",50,,,,,,,,,,,
??????? 1??? ????,ISK10163,,,ISK01,Krob,Krob,Krob," 1,640.00 "," 2,500.00 ",50,,,,,,,,,,,
??????? 3.5??? ?????? 25,ISK10164,,,ISK01,Krob,Krob,Krob," 7,708.00 "," 10,000.00 ",50,,,,,,,,,,,
??????? 3.5??? ????? ???? BZ,ISK10165,,,ISK01,Krob,Krob,Krob," 6,560.00 "," 8,500.00 ",50,,,,,,,,,,,
??????? XO 3.5???  ???? ,ISK10166,,,ISK01,Krob,Krob,Krob," 11,152.00 "," 14,000.00 ",50,,,,,,,,,,,
?????? 1.2 ???,ISK10167,,,ISK01,Krob,Krob,Krob," 3,690.00 "," 5,000.00 ",50,,,,,,,,,,,
?????? 1.5???,ISK10168,,,ISK01,Krob,Krob,Krob," 4,510.00 "," 6,000.00 ",50,,,,,,,,,,,
?????? 1.8???,ISK10169,,,ISK01,Krob,Krob,Krob," 5,740.00 "," 8,000.00 ",50,,,,,,,,,,,
?????? 1???,ISK10170,,,ISK01,Krob,Krob,Krob," 2,132.00 "," 3,000.00 ",50,,,,,,,,,,,
?????????????? ???,ISK10171,,,ISK01,Krob,Krob,Krob," 6,396.00 "," 9,000.00 ",10,,,,,,,,,,,
????? ???????,ISK10172,,,ConEqui,Krob,Krob,Krob, 180.40 , 300.00 ,50,,,,,,,,,,,
??????????,ISK10173,,,ConEqui,Krob,Krob,Krob," 2,132.00 "," 4,000.00 ",30,,,,,,,,,,,
????????  ?????? 2.6??,ISK10174,,,ISK02,song,song,song," 9,963.00 "," 13,000.00 ",30,,,,,,,,,,,
????????  ?????? 3.2??,ISK10175,,,ISK02,song,song,song," 17,425.00 "," 22,000.00 ",30,,,,,,,,,,,
???????? ????? 2.6,ISK10176,,,ISK02,song,song,song," 12,915.00 "," 15,000.00 ",30,,,,,,,,,,,
???????? ????? 3.2,ISK10177,,,ISK02,song,song,song," 30,750.00 "," 35,000.00 ",30,,,,,,,,,,,
???? ,ISK10178,,,ConEqui,Unit,Unit,Unit, 656.00 ," 1,000.00 ",50,,,,,,,,,,,
?????????,ISK10179,,,JORB,Unit,Unit,Unit," 11,070.00 "," 15,000.00 ",10,,,,,,,,,,,
?????????,ISK10180,,,JORB,Unit,Unit,Unit," 7,687.50 "," 10,000.00 ",10,,,,,,,,,,,
????????????? 1.8???,ISK10181,,,ISK01,Unit,Unit,Unit," 14,760.00 "," 20,000.00 ",20,,,,,,,,,,,
????????????? 1??? Buson,ISK10182,,,ISK01,Unit,Unit,Unit," 4,920.00 "," 8,000.00 ",20,,,,,,,,,,,
????????????? 1??? ??????????????,ISK10183,,,ISK01,Unit,Unit,Unit," 16,400.00 "," 20,000.00 ",20,,,,,,,,,,,
????????????? 1.8??? ??????,ISK10184,,,ISK01,Unit,Unit,Unit," 6,150.00 "," 8,000.00 ",20,,,,,,,,,,,
???????? ??????,ISK10185,,,ISK01,Unit,Unit,Unit," 20,500.00 "," 25,000.00 ",20,,,,,,,,,,,
???????? ?????,ISK10186,,,ISK01,Unit,Unit,Unit," 1,312.00 "," 2,500.00 ",20,,,,,,,,,,,
????????????? 82,ISK10187,,,ISK01,Unit,Unit,Unit," 14,350.00 "," 18,000.00 ",10,,,,,,,,,,,
????????????? 90,ISK10188,,,ISK01,Unit,Unit,Unit," 14,350.00 "," 18,000.00 ",10,,,,,,,,,,,
?????? 1.5?,ISK10189,,,ConEqui,Unit,Unit,Unit," 6,560.00 "," 8,000.00 ",20,,,,,,,,,,,
?????? 2?,ISK10190,,,ConEqui,Unit,Unit,Unit," 7,790.00 "," 10,000.00 ",20,,,,,,,,,,,
????????????? 2?,ISK10191,,,ConEqui,Unit,Unit,Unit," 18,450.00 "," 24,000.00 ",20,,,,,,,,,,,
?????? 3? ,ISK10192,,,ConEqui,Unit,Unit,Unit," 2,706.00 "," 4,000.00 ",10,,,,,,,,,,,
?????? 3? ???,ISK10193,,,ConEqui,Unit,Unit,Unit," 3,403.00 "," 6,000.00 ",10,,,,,,,,,,,
?????? 5? ???,ISK10194,,,ConEqui,Unit,Unit,Unit," 4,100.00 "," 7,000.00 ",10,,,,,,,,,,,
?????? 5?*12,ISK10195,,,ConEqui,Unit,Unit,Unit," 3,403.00 "," 5,000.00 ",10,,,,,,,,,,,
?????? 7.5? ???,ISK10196,,,ConEqui,Unit,Unit,Unit," 7,175.00 "," 10,000.00 ",10,,,,,,,,,,,
?????? 7.5?,ISK10197,,,ConEqui,Unit,Unit,Unit," 5,453.00 "," 7,000.00 ",10,,,,,,,,,,,
????????? 3???,ISK10198,,,ConEqui,Unit,Unit,Unit," 4,444.40 "," 7,000.00 ",10,,,,,,,,,,,
??????????? ??? 4???,ISK10199,,,ConEqui,Unit,Unit,Unit," 7,380.00 "," 7,000.00 ",10,,,,,,,,,,,
??????????? ??? 5???,ISK10200,,,ConEqui,Unit,Unit,Unit," 7,790.00 "," 10,000.00 ",10,,,,,,,,,,,
??????????? ??? 6???,ISK10201,,,ConEqui,Unit,Unit,Unit," 8,200.00 "," 12,000.00 ",10,,,,,,,,,,,
???????????,ISK10202,,,ConEqui,Unit,Unit,Unit," 4,510.00 "," 7,000.00 ",10,,,,,,,,,,,
???????? 2.5???,ISK10203,,,ConEqui,Unit,Unit,Unit," 4,100.00 "," 6,000.00 ",10,,,,,,,,,,,
???????? ????? ?????,ISK10204,,,ConEqui,KJ,KJ,KJ," 1,394.00 "," 2,500.00 ",30,,,,,,,,,,,
???????? ?????? ?????,ISK10205,,,ConEqui,KJ,KJ,KJ," 1,394.00 "," 2,000.00 ",30,,,,,,,,,,,
???????? ? ?????,ISK10206,,,ConEqui,KJ,KJ,KJ," 1,291.50 "," 2,000.00 ",50,,,,,,,,,,,
??????? ???,ISK10207,,,ConEqui,Unit,Unit,Unit," 12,300.00 "," 16,000.00 ",10,,,,,,,,,,,
??????? ??,ISK10208,,,ConEqui,Unit,Unit,Unit," 13,940.00 "," 18,000.00 ",10,,,,,,,,,,,
?????????????? 5??? 12unit,ISK10209,,,ConEqui,Unit,Unit,Unit," 7,503.00 "," 12,000.00 ",10,,,,,,,,,,,
?????????????? 6???,ISK10210,,,ConEqui,Unit,Unit,Unit," 8,200.00 "," 13,000.00 ",10,,,,,,,,,,,
????????,ISK10211,,,ConEqui,Unit,Unit,Unit, 943.00 ," 1,500.00 ",10,,,,,,,,,,,
??? 3??? ??????,ISK10212,,,ConEqui,Unit,Unit,Unit," 3,485.00 "," 5,000.00 ",20,,,,,,,,,,,
??? 3??? ???,ISK10213,,,ConEqui,Unit,Unit,Unit," 2,870.00 "," 4,000.00 ",20,,,,,,,,,,,
??? 3??? ??,ISK10214,,,ConEqui,Unit,Unit,Unit," 4,100.00 "," 7,000.00 ",20,,,,,,,,,,,
??? ?????? ?????,ISK10215,,,ConEqui,Unit,Unit,Unit," 3,690.00 "," 6,000.00 ",20,,,,,,,,,,,
??? ??? ?????,ISK10216,,,ConEqui,Unit,Unit,Unit," 3,280.00 "," 5,000.00 ",20,,,,,,,,,,,
??? ?? ?????,ISK10217,,,ConEqui,Unit,Unit,Unit," 4,100.00 "," 7,000.00 ",20,,,,,,,,,,,
??? ? ?? 2.5,ISK10218,,,ISK03,KJ,KJ,KJ," 21,320.00 "," 28,000.00 ",10,,,,,,,,,,,
??? ? ?? 3,ISK10219,,,ISK03,KJ,KJ,KJ," 29,520.00 "," 38,000.00 ",10,,,,,,,,,,,
??? ? ?? 4,ISK10220,,,ISK03,KJ,KJ,KJ," 33,620.00 "," 42,000.00 ",10,,,,,,,,,,,
??? ????? 3,ISK10221,,,ISK03,KJ,KJ,KJ," 23,370.00 "," 32,000.00 ",10,,,,,,,,,,,
??? ????? 5,ISK10222,,,ISK03,KJ,KJ,KJ," 25,830.00 "," 30,000.00 ",10,,,,,,,,,,,
??? ???????? 2.5,ISK10223,,,ISK03,KJ,KJ,KJ," 18,860.00 "," 24,000.00 ",10,,,,,,,,,,,
??? ??? 6,ISK10224,,,ISK03,KJ,KJ,KJ," 17,630.00 "," 22,000.00 ",10,,,,,,,,,,,
???????? 1.5,ISK10225,,,ISK03,KJ,KJ,KJ," 15,990.00 "," 20,000.00 ",10,,,,,,,,,,,
???????? 2,ISK10226,,,ISK03,KJ,KJ,KJ," 19,680.00 "," 25,000.00 ",10,,,,,,,,,,,
?????? 5,ISK10227,,,ISK03,KJ,KJ,KJ," 11,890.00 "," 17,000.00 ",10,,,,,,,,,,,
?? 5306,ISK10228,,,ISK04,Krob,Krob,Krob," 47,150.00 "," 60,000.00 ",10,,,,,,,,,,,
?? ?? 12,ISK10229,,,MNEQUIP,Krob,Krob,Krob," 3,690.00 "," 5,000.00 ",10,,,,,,,,,,,
?? ?? 13,ISK10230,,,MNEQUIP,Krob,Krob,Krob," 3,690.00 "," 5,000.00 ",10,,,,,,,,,,,
?? ?? 14,ISK10231,,,MNEQUIP,Krob,Krob,Krob," 3,690.00 "," 5,000.00 ",10,,,,,,,,,,,
?? ?? 17,ISK10232,,,MNEQUIP,Krob,Krob,Krob," 4,920.00 "," 7,000.00 ",10,,,,,,,,,,,
?? ?? 19,ISK10233,,,MNEQUIP,Krob,Krob,Krob," 4,920.00 "," 7,000.00 ",10,,,,,,,,,,,
??Mix,ISK10234,,,ISK04,Krob,Krob,Krob," 16,400.00 "," 22,000.00 ",10,,,,,,,,,,,
?????? ??? 25,ISK10235,,,ISK04,Krob,Krob,Krob," 1,353.00 "," 2,000.00 ",20,,,,,,,,,,,
?????? ??? 30,ISK10236,,,ISK04,Krob,Krob,Krob," 2,050.00 "," 2,500.00 ",20,,,,,,,,,,,
?????? ??? 32,ISK10237,,,ISK04,Krob,Krob,Krob," 2,050.00 "," 2,500.00 ",20,,,,,,,,,,,
?????? ??? 38,ISK10238,,,ISK04,Krob,Krob,Krob," 2,390.30 "," 3,000.00 ",20,,,,,,,,,,,
?????? ??? 50,ISK10239,,,ISK04,Krob,Krob,Krob," 3,649.00 "," 5,000.00 ",20,,,,,,,,,,,
?????? ??? 63,ISK10240,,,ISK04,Krob,Krob,Krob," 6,047.50 "," 8,000.00 ",20,,,,,,,,,,,
?????,ISK10241,,,ISK04,Krob,Krob,Krob," 8,200.00 "," 12,000.00 ",20,,,,,,,,,,,
??????? Royal,ISK10242,,,ISK04,Krob,Krob,Krob," 20,500.00 "," 26,000.00 ",20,,,,,,,,,,,
??????? ???,ISK10243,,,ISK04,Krob,Krob,Krob," 73,800.00 "," 100,000.00 ",20,,,,,,,,,,,
??????? ?? Reberzant,ISK10244,,,ISK04,Krob,Krob,Krob," 94,300.00 "," 120,000.00 ",20,,,,,,,,,,,
???277,ISK10245,,,ISK04,Krob,Krob,Krob," 30,750.00 "," 40,000.00 ",20,,,,,,,,,,,
??????? ,ISK10246,,,ConEqui,Krob,Krob,Krob," 2,870.00 "," 5,000.00 ",20,,,,,,,,,,,
????????? ?????,ISK10247,,,ConEqui,Krob,Krob,Krob," 1,886.00 "," 3,000.00 ",20,,,,,,,,,,,
??????????? ???,ISK10248,,,ConEqui,Krob,Krob,Krob," 2,870.00 "," 4,000.00 ",20,,,,,,,,,,,
???????K?????,ISK10249,,,CEMENT,Bav,Bav,Bav," 17,630.00 "," 18,500.00 ",200,,,,,,,,,,,
???????K???,ISK10250,,,CEMENT,Bav,Bav,Bav," 15,375.00 "," 17,000.00 ",200,,,,,,,,,,,
??????????? Hatari,ISK10251,,,E-Equip,Unit,Unit,Unit," 98,400.00 "," 115,000.00 ",3,,,,,,,,,,,
??????? 1,ISK10252,,,E-Equip,Unit,Unit,Unit," 1,845.00 "," 3,000.00 ",15,,,,,,,,,,,
??????? 2,ISK10253,,,E-Equip,Unit,Unit,Unit," 2,665.00 "," 4,000.00 ",15,,,,,,,,,,,
??????? 3,ISK10254,,,E-Equip,Unit,Unit,Unit," 3,075.00 "," 4,500.00 ",15,,,,,,,,,,,
??????? 4,ISK10255,,,E-Equip,Unit,Unit,Unit," 3,690.00 "," 5,000.00 ",15,,,,,,,,,,,
???????1 +????2,ISK10256,,,E-Equip,Unit,Unit,Unit," 3,280.00 "," 4,000.00 ",15,,,,,,,,,,,
???????2+ ???? 2,ISK10257,,,E-Equip,Unit,Unit,Unit," 3,690.00 "," 5,000.00 ",15,,,,,,,,,,,
??????????? ,ISK10258,,,E-Equip,Unit,Unit,Unit," 1,107.00 "," 2,000.00 ",15,,,,,,,,,,,
?????????? ,ISK10259,,,E-Equip,Unit,Unit,Unit," 1,025.00 "," 2,000.00 ",15,,,,,,,,,,,
???????????,ISK10260,,,E-Equip,Unit,Unit,Unit," 17,220.00 "," 20,000.00 ",15,,,,,,,,,,,
???????4,ISK10261,,,E-Equip,Unit,Unit,Unit," 1,845.00 "," 3,000.00 ",15,,,,,,,,,,,
???????????????? ,ISK10262,,,E-Equip,Unit,Unit,Unit, 820.00 ," 1,500.00 ",15,,,,,,,,,,,
???????? ,ISK10263,,,E-Equip,Unit,Unit,Unit," 15,170.00 "," 20,000.00 ",15,,,,,,,,,,,
???????? 187,ISK10264,,,E-Equip,Unit,Unit,Unit," 8,200.00 "," 10,000.00 ",15,,,,,,,,,,,
???????? ?????????,ISK10265,,,E-Equip,Unit,Unit,Unit," 15,580.00 "," 18,000.00 ",15,,,,,,,,,,,
??????????????? ,ISK10266,,,E-Equip,Unit,Unit,Unit, 943.00 ," 2,500.00 ",15,,,,,,,,,,,
????????? 1*1.5,ISK10267,,,E-Equip,Unit,Unit,Unit," 51,250.00 "," 60,000.00 ",15,,,,,,,,,,,
????????? 1*2.5,ISK10268,,,E-Equip,Unit,Unit,Unit," 92,250.00 "," 110,000.00 ",15,,,,,,,,,,,
????????? 1*4,ISK10269,,,E-Equip,Unit,Unit,Unit," 155,800.00 "," 190,000.00 ",15,,,,,,,,,,,
????????? 2*1 ,ISK10270,,,E-Equip,Unit,Unit,Unit," 52,480.00 "," 60,000.00 ",15,,,,,,,,,,,
???????? +++,ISK10271,,,E-Equip,Unit,Unit,Unit," 30,750.00 "," 38,000.00 ",15,,,,,,,,,,,
?????? ,ISK10272,,,E-Equip,Unit,Unit,Unit," 10,250.00 "," 13,000.00 ",15,,,,,,,,,,,
?????? ??????,ISK10273,,,E-Equip,Unit,Unit,Unit," 13,940.00 "," 17,000.00 ",15,,,,,,,,,,,
?????????? ,ISK10274,,,E-Equip,Unit,Unit,Unit, 615.00 ," 1,500.00 ",15,,,,,,,,,,,
??????????? ,ISK10275,,,E-Equip,Unit,Unit,Unit," 2,460.00 "," 4,000.00 ",15,,,,,,,,,,,
???????? LS 1P,ISK10276,,,E-Equip,Unit,Unit,Unit," 7,380.00 "," 10,000.00 ",15,,,,,,,,,,,
???????? LS 2P,ISK10277,,,E-Equip,Unit,Unit,Unit," 17,220.00 "," 25,000.00 ",15,,,,,,,,,,,
????????? + ??? 20,ISK10278,,,E-Equip,Unit,Unit,Unit," 1,435.00 "," 2,000.00 ",15,,,,,,,,,,,
??? ????,ISK10279,,,E-Equip,Unit,Unit,Unit, 615.00 ," 1,500.00 ",15,,,,,,,,,,,
??? ???? ??,ISK10280,,,E-Equip,Unit,Unit,Unit, 615.00 ," 1,500.00 ",15,,,,,,,,,,,
?? 2-4,ISK10281,,,E-Equip,Unit,Unit,Unit," 5,330.00 "," 8,000.00 ",15,,,,,,,,,,,
????? ???? ???,ISK10282,,,E-Equip,Unit,Unit,Unit, 820.00 ," 1,500.00 ",15,,,,,,,,,,,
????? ???? ??,ISK10283,,,E-Equip,Unit,Unit,Unit," 1,230.00 "," 2,000.00 ",15,,,,,,,,,,,
???????? 1???,ISK10284,,,E-Equip,Unit,Unit,Unit," 3,280.00 "," 4,000.00 ",15,,,,,,,,,,,
???????? 1.5???,ISK10285,,,E-Equip,Unit,Unit,Unit," 7,380.00 "," 9,000.00 ",15,,,,,,,,,,,
??????? 20A,ISK10286,,,E-Equip,Unit,Unit,Unit," 3,690.00 "," 5,000.00 ",15,,,,,,,,,,,
??????? 30A,ISK10287,,,E-Equip,Unit,Unit,Unit," 4,510.00 "," 7,000.00 ",15,,,,,,,,,,,
??????? 60A,ISK10288,,,E-Equip,Unit,Unit,Unit," 6,970.00 "," 9,000.00 ",15,,,,,,,,,,,
?????????,ISK10289,,,E-Equip,Unit,Unit,Unit," 1,394.00 "," 3,000.00 ",15,,,,,,,,,,,
??? 8738,ISK10290,,,E-Equip,Unit,Unit,Unit," 12,300.00 "," 16,000.00 ",15,,,,,,,,,,,
??? 8829,ISK10291,,,E-Equip,Unit,Unit,Unit," 6,150.00 "," 10,000.00 ",15,,,,,,,,,,,
??? 8851,ISK10292,,,E-Equip,Unit,Unit,Unit," 10,250.00 "," 14,000.00 ",15,,,,,,,,,,,
??????,ISK10293,,,E-Equip,Unit,Unit,Unit," 3,895.00 "," 6,000.00 ",15,,,,,,,,,,,
???? 2,ISK10294,,,E-Equip,Unit,Unit,Unit," 2,665.00 "," 4,000.00 ",15,,,,,,,,,,,
???? 3,ISK10295,,,E-Equip,Unit,Unit,Unit," 3,895.00 "," 5,000.00 ",15,,,,,,,,,,,
???? 5 ??? ,ISK10296,,,E-Equip,Unit,Unit,Unit, 820.00 ," 2,000.00 ",15,,,,,,,,,,,
???? ???? ??????? 3,ISK10297,,,E-Equip,Unit,Unit,Unit," 13,120.00 "," 16,000.00 ",15,,,,,,,,,,,
???? ???? ??????? 4,ISK10298,,,E-Equip,Unit,Unit,Unit," 14,760.00 "," 18,000.00 ",15,,,,,,,,,,,
???? ???? ??????? 5,ISK10299,,,E-Equip,Unit,Unit,Unit," 15,580.00 "," 20,000.00 ",15,,,,,,,,,,,
???? ???? ??????? 6,ISK10300,,,E-Equip,Unit,Unit,Unit," 16,400.00 "," 20,000.00 ",15,,,,,,,,,,,
???? ??? ??????????,ISK10301,,,E-Equip,Unit,Unit,Unit," 1,230.00 "," 2,000.00 ",15,,,,,,,,,,,
???? ???? ,ISK10302,,,E-Equip,Unit,Unit,Unit," 2,870.00 "," 4,000.00 ",15,,,,,,,,,,,
???????? 10? 1???,ISK10303,,,E-Equip,Unit,Unit,Unit," 18,040.00 "," 22,000.00 ",15,,,,,,,,,,,
???????? 10? 2???,ISK10304,,,E-Equip,Unit,Unit,Unit," 19,270.00 "," 23,000.00 ",15,,,,,,,,,,,
???????? 3? 1???,ISK10305,,,E-Equip,Unit,Unit,Unit," 13,120.00 "," 16,000.00 ",15,,,,,,,,,,,
???????? 3? 2???,ISK10306,,,E-Equip,Unit,Unit,Unit," 13,940.00 "," 17,000.00 ",15,,,,,,,,,,,
???????? 5? 1???,ISK10307,,,E-Equip,Unit,Unit,Unit," 13,940.00 "," 17,000.00 ",15,,,,,,,,,,,
???????? 5? 2???,ISK10308,,,E-Equip,Unit,Unit,Unit," 15,170.00 "," 18,000.00 ",15,,,,,,,,,,,
????? ??? 10,ISK10309,,,E-Equip,Unit,Unit,Unit," 5,740.00 "," 7,000.00 ",15,,,,,,,,,,,
????? ??? 15,ISK10310,,,E-Equip,Unit,Unit,Unit," 11,480.00 "," 15,000.00 ",15,,,,,,,,,,,
????? ??? 20,ISK10311,,,E-Equip,Unit,Unit,Unit," 12,300.00 "," 17,000.00 ",15,,,,,,,,,,,
????? ??? 5,ISK10312,,,E-Equip,Unit,Unit,Unit," 4,510.00 "," 6,000.00 ",15,,,,,,,,,,,
?????Hatari 16,ISK10313,,,E-Equip,Unit,Unit,Unit," 4,920.00 "," 6,000.00 ",15,,,,,,,,,,,
???????????????? ,ISK10314,,,E-Equip,Unit,Unit,Unit," 2,050.00 "," 4,000.00 ",15,,,,,,,,,,,
??++,ISK10315,,,E-Equip,Unit,Unit,Unit," 6,150.00 "," 8,000.00 ",15,,,,,,,,,,,
?? 6 (???????????),ISK10316,,,E-Equip,Unit,Unit,Unit," 16,400.00 "," 20,000.00 ",15,,,,,,,,,,,
??????? ???,ISK10317,,,E-Equip,Unit,Unit,Unit," 15,990.00 "," 20,000.00 ",5,,,,,,,,,,,
???????????,ISK10318,,,E-Equip,Unit,Unit,Unit," 18,450.00 "," 30,000.00 ",2,,,,,,,,,,,
???????? 1.2 ???,ISK10319,,,ISK05,Krob,Krob,Krob," 7,380.00 "," 10,000.00 ",20,,,,,,,,,,,
???????? 1 ???,ISK10320,,,ISK05,Krob,Krob,Krob," 6,150.00 "," 8,000.00 ",20,,,,,,,,,,,
???????? 0.8 ???,ISK10321,,,ISK05,Krob,Krob,Krob," 5,330.00 "," 7,000.00 ",20,,,,,,,,,,,
???????? 0.6 ???,ISK10322,,,ISK05,Krob,Krob,Krob," 4,920.00 "," 6,500.00 ",20,,,,,,,,,,,
???????? 0.5 ???,ISK10323,,,ISK05,Krob,Krob,Krob," 3,280.00 "," 4,500.00 ",20,,,,,,,,,,,
???????? 0.4 ???,ISK10324,,,ISK05,Krob,Krob,Krob," 2,460.00 "," 3,500.00 ",20,,,,,,,,,,,
???????? 1.2 ??? ????????,ISK10325,,,ISK05,Krob,Krob,Krob," 8,200.00 "," 11,000.00 ",20,,,,,,,,,,,
???????? 1 ??? ??????,ISK10326,,,ISK05,Krob,Krob,Krob," 6,970.00 "," 9,000.00 ",20,,,,,,,,,,,
???????? 0.8 ??? ????????,ISK10327,,,ISK05,Krob,Krob,Krob," 6,150.00 "," 8,000.00 ",20,,,,,,,,,,,
???????? 0.6 ??? ????????,ISK10328,,,ISK05,Krob,Krob,Krob," 5,740.00 ", 750.00 ,20,,,,,,,,,,,
???????? 0.5 ??? ????????,ISK10329,,,ISK05,Krob,Krob,Krob," 4,100.00 "," 5,500.00 ",20,,,,,,,,,,,
???????? 0.4 ??? ????????,ISK10330,,,ISK05,Krob,Krob,Krob," 3,280.00 "," 4,000.00 ",20,,,,,,,,,,,
??????????,ISK10331,,,ISK06,Krob,Krob,Krob, 754.40 ," 1,500.00 ",10,,,,,,,,,,,
????? ?? 100g,ISK10332,,,ISK06,Krob,Krob,Krob," 1,664.60 "," 3,500.00 ",30,,,,,,,,,,,
????? ?? 250g,ISK10333,,,ISK06,Krob,Krob,Krob," 4,165.60 "," 7,000.00 ",30,,,,,,,,,,,
????????? 15g,ISK10334,,,ISK06,Krob,Krob,Krob, 258.30 , 500.00 ,30,,,,,,,,,,,
????????? 25g,ISK10335,,,ISK06,Krob,Krob,Krob, 512.50 ," 1,500.00 ",30,,,,,,,,,,,
????????? 50g,ISK10336,,,ISK06,Krob,Krob,Krob, 918.40 ," 2,000.00 ",30,,,,,,,,,,,
??????????500g ??????,ISK10337,,,ISK06,Krob,Krob,Krob," 17,220.00 "," 25,000.00 ",10,,,,,,,,,,,
??? 100,ISK10338,,,ISK06,Krob,Krob,Krob," 3,698.20 "," 5,000.00 ",20,,,,,,,,,,,
??? 114,ISK10339,,,ISK06,Krob,Krob,Krob," 3,362.00 "," 5,000.00 ",20,,,,,,,,,,,
??? 114 KAP,ISK10340,,,ISK06,Krob,Krob,Krob," 8,200.00 "," 10,000.00 ",20,,,,,,,,,,,
??? 125,ISK10341,,,ISK06,Krob,Krob,Krob," 13,079.00 "," 16,000.00 ",20,,,,,,,,,,,
??? 165,ISK10342,,,ISK06,Krob,Krob,Krob," 28,413.00 "," 35,000.00 ",20,,,,,,,,,,,
??? 21,ISK10343,,,ISK06,Krob,Krob,Krob, 303.40 , 500.00 ,20,,,,,,,,,,,
??? 27,ISK10344,,,ISK06,Krob,Krob,Krob, 340.30 ," 1,000.00 ",20,,,,,,,,,,,
??? 27*21 KAP,ISK10345,,,ISK06,Krob,Krob,Krob, 319.80 ," 1,000.00 ",20,,,,,,,,,,,
??? 34,ISK10346,,,ISK06,Krob,Krob,Krob, 660.10 ," 1,500.00 ",20,,,,,,,,,,,
??? 34*21,ISK10347,,,ISK06,Krob,Krob,Krob," 1,578.50 "," 2,500.00 ",20,,,,,,,,,,,
??? 34*27,ISK10348,,,ISK06,Krob,Krob,Krob, 721.60 ," 2,000.00 ",20,,,,,,,,,,,
??? 42,ISK10349,,,ISK06,Krob,Krob,Krob," 1,127.50 "," 2,000.00 ",20,,,,,,,,,,,
??? 49,ISK10350,,,ISK06,Krob,Krob,Krob," 1,217.70 "," 2,000.00 ",20,,,,,,,,,,,
??? 60,ISK10351,,,ISK06,Krob,Krob,Krob," 1,984.40 "," 2,500.00 ",20,,,,,,,,,,,
??? 65,ISK10352,,,ISK06,Krob,Krob,Krob, 996.30 ," 3,000.00 ",20,,,,,,,,,,,
??? 75,ISK10353,,,ISK06,Krob,Krob,Krob," 1,562.10 "," 3,000.00 ",20,,,,,,,,,,,
??? 90 ,ISK10354,,,ISK06,Krob,Krob,Krob," 2,365.70 "," 4,000.00 ",20,,,,,,,,,,,
??? 90 KAP,ISK10355,,,ISK06,Krob,Krob,Krob," 4,223.00 "," 6,000.00 ",20,,,,,,,,,,,
????????????? 21,ISK10356,,,ISK06,Krob,Krob,Krob, 459.20 ," 1,000.00 ",20,,,,,,,,,,,
????????????? 27,ISK10357,,,ISK06,Krob,Krob,Krob, 840.50 ," 1,500.00 ",20,,,,,,,,,,,
?????????????34,ISK10358,,,ISK06,Krob,Krob,Krob," 1,566.20 "," 2,500.00 ",20,,,,,,,,,,,
???????????? 21,ISK10359,,,ISK06,Krob,Krob,Krob, 451.00 ," 1,000.00 ",20,,,,,,,,,,,
???????????? 27,ISK10360,,,ISK06,Krob,Krob,Krob, 893.80 ," 1,500.00 ",20,,,,,,,,,,,
???????????? 34,ISK10361,,,ISK06,Krob,Krob,Krob," 1,566.20 "," 2,500.00 ",20,,,,,,,,,,,
?????????????? ????? 27,ISK10362,,,ISK06,Krob,Krob,Krob," 2,492.80 "," 4,000.00 ",20,,,,,,,,,,,
?????????????? ????? 34,ISK10363,,,ISK06,Krob,Krob,Krob," 4,571.50 "," 6,000.00 ",20,,,,,,,,,,,
?????????????? ????? 21,ISK10364,,,ISK06,Krob,Krob,Krob," 2,078.70 "," 4,000.00 ",20,,,,,,,,,,,
?????????????? ???? 21,ISK10365,,,ISK06,Krob,Krob,Krob," 3,050.40 "," 3,000.00 ",20,,,,,,,,,,,
?????????????? ???? 27,ISK10366,,,ISK06,Krob,Krob,Krob," 1,611.30 "," 4,000.00 ",20,,,,,,,,,,,
?????????? 114,ISK10367,,,ISK06,Krob,Krob,Krob, 106.60 ," 3,000.00 ",20,,,,,,,,,,,
?????????? 21,ISK10368,,,ISK06,Krob,Krob,Krob, 123.00 , 500.00 ,20,,,,,,,,,,,
?????????? 27,ISK10369,,,ISK06,Krob,Krob,Krob, 328.00 , 500.00 ,20,,,,,,,,,,,
?????????? 34,ISK10370,,,ISK06,Krob,Krob,Krob, 373.10 ," 1,000.00 ",20,,,,,,,,,,,
?????????? 42,ISK10371,,,ISK06,Krob,Krob,Krob, 422.30 ," 1,000.00 ",20,,,,,,,,,,,
?????????? 49,ISK10372,,,ISK06,Krob,Krob,Krob, 684.70 ," 1,000.00 ",20,,,,,,,,,,,
?????????? 60,ISK10373,,,ISK06,Krob,Krob,Krob," 1,504.70 "," 2,000.00 ",20,,,,,,,,,,,
?????????? 75,ISK10374,,,ISK06,Krob,Krob,Krob," 1,668.70 "," 3,000.00 ",20,,,,,,,,,,,
?????????? 90,ISK10375,,,ISK06,Krob,Krob,Krob, 742.10 ," 3,000.00 ",20,,,,,,,,,,,
?????????? 114,ISK10376,,,ISK06,Krob,Krob,Krob, 94.30 ," 2,000.00 ",20,,,,,,,,,,,
?????????? 21,ISK10377,,,ISK06,Krob,Krob,Krob, 94.30 , 500.00 ,20,,,,,,,,,,,
?????????? 27,ISK10378,,,ISK06,Krob,Krob,Krob, 118.90 , 500.00 ,20,,,,,,,,,,,
?????????? 34,ISK10379,,,ISK06,Krob,Krob,Krob, 205.00 , 500.00 ,20,,,,,,,,,,,
?????????? 42,ISK10380,,,ISK06,Krob,Krob,Krob, 221.40 ," 1,000.00 ",20,,,,,,,,,,,
?????????? 49,ISK10381,,,ISK06,Krob,Krob,Krob, 274.70 ," 1,000.00 ",20,,,,,,,,,,,
?????????? 60,ISK10382,,,ISK06,Krob,Krob,Krob," 9,479.20 "," 1,500.00 ",20,,,,,,,,,,,
????? 165,ISK10383,,,ISK06,Krob,Krob,Krob," 8,040.10 "," 13,000.00 ",20,,,,,,,,,,,
????? 125,ISK10384,,,ISK06,Krob,Krob,Krob," 5,231.60 "," 12,000.00 ",20,,,,,,,,,,,
????? 114,ISK10385,,,ISK06,Krob,Krob,Krob, 250.10 ," 7,000.00 ",20,,,,,,,,,,,
????? 21,ISK10386,,,ISK06,Krob,Krob,Krob, 410.00 , 500.00 ,20,,,,,,,,,,,
????? 27,ISK10387,,,ISK06,Krob,Krob,Krob, 651.90 ," 1,000.00 ",20,,,,,,,,,,,
????? 34,ISK10388,,,ISK06,Krob,Krob,Krob, 947.10 ," 1,500.00 ",20,,,,,,,,,,,
????? 42,ISK10389,,,ISK06,Krob,Krob,Krob," 1,283.30 "," 2,000.00 ",20,,,,,,,,,,,
????? 49,ISK10390,,,ISK06,Krob,Krob,Krob," 2,119.70 "," 3,000.00 ",20,,,,,,,,,,,
????? 60,ISK10391,,,ISK06,Krob,Krob,Krob," 3,562.90 "," 4,000.00 ",20,,,,,,,,,,,
????? 75,ISK10392,,,ISK06,Krob,Krob,Krob," 4,961.00 "," 6,000.00 ",20,,,,,,,,,,,
????? 90,ISK10393,,,ISK06,Krob,Krob,Krob, 262.40 ," 7,000.00 ",20,,,,,,,,,,,
??????????????? 21,ISK10394,,,ISK06,Krob,Krob,Krob, 139.40 , 500.00 ,20,,,,,,,,,,,
?????????????? 21,ISK10395,,,ISK06,Krob,Krob,Krob, 287.00 , 500.00 ,20,,,,,,,,,,,
?????????????? 27,ISK10396,,,ISK06,Krob,Krob,Krob, 377.20 , 500.00 ,20,,,,,,,,,,,
?????????????? 34,ISK10397,,,ISK06,Krob,Krob,Krob, 762.60 ," 1,000.00 ",20,,,,,,,,,,,
???????? 27,ISK10398,,,ISK06,Krob,Krob,Krob, 897.90 ," 1,500.00 ",20,,,,,,,,,,,
???????? 34,ISK10399,,,ISK06,Krob,Krob,Krob," 1,746.60 "," 2,000.00 ",20,,,,,,,,,,,
???????? 42,ISK10400,,,ISK06,Krob,Krob,Krob," 1,746.60 "," 3,000.00 ",20,,,,,,,,,,,
???????? 49,ISK10401,,,ISK06,Krob,Krob,Krob," 2,037.70 "," 3,000.00 ",20,,,,,,,,,,,
???????? 60,ISK10402,,,ISK06,Krob,Krob,Krob," 3,698.20 "," 3,500.00 ",20,,,,,,,,,,,
???? 114,ISK10403,,,ISK06,Krob,Krob,Krob," 1,094.70 "," 7,000.00 ",20,,,,,,,,,,,
???? 21,ISK10404,,,ISK06,Krob,Krob,Krob, 852.80 ," 1,500.00 ",20,,,,,,,,,,,
???? 27,ISK10405,,,ISK06,Krob,Krob,Krob, 787.20 ," 1,500.00 ",20,,,,,,,,,,,
???? 34,ISK10406,,,ISK06,Krob,Krob,Krob, 615.00 ," 1,500.00 ",20,,,,,,,,,,,
???? 42,ISK10407,,,ISK06,Krob,Krob,Krob, 656.00 ," 2,000.00 ",20,,,,,,,,,,,
???? 49,ISK10408,,,ISK06,Krob,Krob,Krob," 1,340.70 "," 2,500.00 ",20,,,,,,,,,,,
???? 60,ISK10409,,,ISK06,Krob,Krob,Krob," 2,533.80 "," 3,000.00 ",20,,,,,,,,,,,
???? 75,ISK10410,,,ISK06,Krob,Krob,Krob," 2,365.70 "," 4,500.00 ",20,,,,,,,,,,,
???? 90,ISK10411,,,ISK06,Krob,Krob,Krob," 5,776.90 "," 5,000.00 ",20,,,,,,,,,,,
?? 100,ISK10412,,,ISK06,Krob,Krob,Krob," 11,111.00 "," 7,500.00 ",20,,,,,,,,,,,
?? 114 KAP,ISK10413,,,ISK06,Krob,Krob,Krob," 27,798.00 "," 15,000.00 ",20,,,,,,,,,,,
?? 125,ISK10414,,,ISK06,Krob,Krob,Krob, 336.20 ," 35,000.00 ",20,,,,,,,,,,,
?? 21,ISK10415,,,ISK06,Krob,Krob,Krob, 721.60 , 700.00 ,20,,,,,,,,,,,
?? 21 ?????????,ISK10416,,,ISK06,Krob,Krob,Krob, 496.10 ," 1,500.00 ",20,,,,,,,,,,,
?? 27,ISK10417,,,ISK06,Krob,Krob,Krob," 1,389.90 "," 1,000.00 ",20,,,,,,,,,,,
?? 27*21,ISK10418,,,ISK06,Krob,Krob,Krob, 996.30 ," 2,500.00 ",20,,,,,,,,,,,
?? 34,ISK10419,,,ISK06,Krob,Krob,Krob," 1,061.90 "," 2,000.00 ",20,,,,,,,,,,,
?? 34*21,ISK10420,,,ISK06,Krob,Krob,Krob," 1,467.80 "," 2,000.00 ",20,,,,,,,,,,,
?? 42,ISK10421,,,ISK06,Krob,Krob,Krob," 1,894.20 "," 3,000.00 ",20,,,,,,,,,,,
?? 49,ISK10422,,,ISK06,Krob,Krob,Krob," 2,542.00 "," 3,500.00 ",20,,,,,,,,,,,
?? 49*21,ISK10423,,,ISK06,Krob,Krob,Krob," 2,525.60 "," 3,500.00 ",20,,,,,,,,,,,
?? 49*27,ISK10424,,,ISK06,Krob,Krob,Krob," 2,595.30 "," 3,500.00 ",20,,,,,,,,,,,
?? 49*34,ISK10425,,,ISK06,Krob,Krob,Krob," 1,316.10 "," 4,500.00 ",20,,,,,,,,,,,
?? 60,ISK10426,,,ISK06,Krob,Krob,Krob," 3,743.30 "," 4,000.00 ",20,,,,,,,,,,,
?? 60*34,ISK10427,,,ISK06,Krob,Krob,Krob," 2,603.50 "," 5,000.00 ",20,,,,,,,,,,,
?? 65,ISK10428,,,ISK06,Krob,Krob,Krob," 3,407.10 "," 4,000.00 ",20,,,,,,,,,,,
?? 90,ISK10429,,,ISK06,Krob,Krob,Krob," 5,043.00 "," 5,000.00 ",20,,,,,,,,,,,
?? 90 KAP,ISK10430,,,ISK06,Krob,Krob,Krob," 3,690.00 "," 7,000.00 ",20,,,,,,,,,,,
?? 90*49,ISK10431,,,ISK06,Krob,Krob,Krob," 1,799.90 "," 7,000.00 ",20,,,,,,,,,,,
????????????? ????? 21,ISK10432,,,ISK06,Krob,Krob,Krob," 2,775.70 "," 2,500.00 ",20,,,,,,,,,,,
????????????? ????? 27,ISK10433,,,ISK06,Krob,Krob,Krob," 2,775.70 "," 4,000.00 ",20,,,,,,,,,,,
????????????? ???? 21,ISK10434,,,ISK06,Krob,Krob,Krob," 3,329.20 "," 4,000.00 ",20,,,,,,,,,,,
????????????? ???? 27,ISK10435,,,ISK06,Krob,Krob,Krob," 1,394.00 "," 4,000.00 ",20,,,,,,,,,,,
?????? 1.0??? ???,ISK10436,,,ISK06,Krob,Krob,Krob," 2,501.00 "," 4,000.00 ",20,,,,,,,,,,,
?????? 1.5 ??? ???,ISK10437,,,ISK06,Krob,Krob,Krob," 6,781.40 "," 6,000.00 ",20,,,,,,,,,,,
??????????? 1.2???,ISK10438,,,ISK06,Krob,Krob,Krob," 3,550.60 "," 20,000.00 ",20,,,,,,,,,,,
??? 100,ISK10439,,,ISK06,Krob,Krob,Krob," 4,259.90 "," 5,000.00 ",20,,,,,,,,,,,
??? 100*49,ISK10440,,,ISK06,Krob,Krob,Krob," 4,259.90 "," 7,000.00 ",20,,,,,,,,,,,
??? 100*60,ISK10441,,,ISK06,Krob,Krob,Krob," 4,973.30 "," 7,000.00 ",20,,,,,,,,,,,
??? 114*90,ISK10442,,,ISK06,Krob,Krob,Krob, 213.20 ," 8,000.00 ",20,,,,,,,,,,,
??? 21,ISK10443,,,ISK06,Krob,Krob,Krob, 295.20 , 500.00 ,20,,,,,,,,,,,
??? 27,ISK10444,,,ISK06,Krob,Krob,Krob, 319.80 ," 1,000.00 ",20,,,,,,,,,,,
??? 27*21,ISK10445,,,ISK06,Krob,Krob,Krob, 496.10 , 500.00 ,20,,,,,,,,,,,
??? 34,ISK10446,,,ISK06,Krob,Krob,Krob, 471.50 ," 1,000.00 ",20,,,,,,,,,,,
??? 34*21,ISK10447,,,ISK06,Krob,Krob,Krob, 471.50 ," 1,500.00 ",20,,,,,,,,,,,
??? 34*27,ISK10448,,,ISK06,Krob,Krob,Krob, 709.30 ," 1,500.00 ",20,,,,,,,,,,,
??? 42,ISK10449,,,ISK06,Krob,Krob,Krob, 803.60 ," 1,500.00 ",20,,,,,,,,,,,
??? 42*21,ISK10450,,,ISK06,Krob,Krob,Krob, 803.60 ," 2,500.00 ",20,,,,,,,,,,,
??? 42*27,ISK10451,,,ISK06,Krob,Krob,Krob, 803.60 ," 2,500.00 ",20,,,,,,,,,,,
??? 42*34,ISK10452,,,ISK06,Krob,Krob,Krob, 639.60 ," 2,500.00 ",20,,,,,,,,,,,
??? 49,ISK10453,,,ISK06,Krob,Krob,Krob, 996.30 ," 2,000.00 ",20,,,,,,,,,,,
??? 49*21,ISK10454,,,ISK06,Krob,Krob,Krob, 996.30 ," 2,000.00 ",20,,,,,,,,,,,
??? 49*27,ISK10455,,,ISK06,Krob,Krob,Krob, 996.30 ," 2,000.00 ",20,,,,,,,,,,,
??? 49*34,ISK10456,,,ISK06,Krob,Krob,Krob," 1,041.40 "," 2,000.00 ",20,,,,,,,,,,,
??? 49*42,ISK10457,,,ISK06,Krob,Krob,Krob," 1,467.80 "," 2,000.00 ",20,,,,,,,,,,,
??? 60,ISK10458,,,ISK06,Krob,Krob,Krob," 1,467.80 "," 2,500.00 ",20,,,,,,,,,,,
??? 60*21,ISK10459,,,ISK06,Krob,Krob,Krob," 1,467.80 "," 2,500.00 ",20,,,,,,,,,,,
??? 60*27,ISK10460,,,ISK06,Krob,Krob,Krob," 1,467.80 "," 2,500.00 ",20,,,,,,,,,,,
??? 60*34,ISK10461,,,ISK06,Krob,Krob,Krob," 1,656.40 "," 2,500.00 ",20,,,,,,,,,,,
??? 60*49,ISK10462,,,ISK06,Krob,Krob,Krob," 1,562.10 "," 3,000.00 ",20,,,,,,,,,,,
??? 75,ISK10463,,,ISK06,Krob,Krob,Krob," 2,365.70 "," 3,000.00 ",20,,,,,,,,,,,
??? 90,ISK10464,,,ISK06,Krob,Krob,Krob," 2,513.30 "," 4,000.00 ",20,,,,,,,,,,,
??? 90*49,ISK10465,,,ISK06,Krob,Krob,Krob," 2,603.50 "," 4,000.00 ",20,,,,,,,,,,,
??? 90*60,ISK10466,,,ISK06,Krob,Krob,Krob, 135.30 ," 4,000.00 ",20,,,,,,,,,,,
???????????21,ISK10467,,,ISK06,Krob,Krob,Krob, 225.50 , 500.00 ,20,,,,,,,,,,,
????????????? 21,ISK10468,,,ISK06,Krob,Krob,Krob, 656.00 , 500.00 ,20,,,,,,,,,,,
????????????? 34,ISK10469,,,ISK06,Krob,Krob,Krob, 336.20 ," 2,000.00 ",20,,,,,,,,,,,
?????????????27,ISK10470,,,ISK06,Krob,Krob,Krob, 209.10 ," 1,500.00 ",20,,,,,,,,,,,
???????????? 21,ISK10471,,,ISK06,Krob,Krob,Krob, 328.00 , 500.00 ,20,,,,,,,,,,,
???????????? 27,ISK10472,,,ISK06,Krob,Krob,Krob, 451.00 ," 1,500.00 ",20,,,,,,,,,,,
???????????? 34,ISK10473,,,ISK06,Krob,Krob,Krob, 902.00 ," 1,500.00 ",20,,,,,,,,,,,
???????????? 42,ISK10474,,,ISK06,Krob,Krob,Krob," 1,066.00 "," 2,000.00 ",20,,,,,,,,,,,
???????????? 49,ISK10475,,,ISK06,Krob,Krob,Krob," 1,476.00 "," 2,500.00 ",20,,,,,,,,,,,
???????????? 60,ISK10476,,,ISK06,Krob,Krob,Krob," 1,246.40 "," 3,000.00 ",20,,,,,,,,,,,
?????????????? ????? 21,ISK10477,,,ISK06,Krob,Krob,Krob," 1,943.40 "," 2,000.00 ",20,,,,,,,,,,,
?????????????? ????? 27,ISK10478,,,ISK06,Krob,Krob,Krob," 4,727.30 "," 3,000.00 ",20,,,,,,,,,,,
?????????????? ????? 34,ISK10479,,,ISK06,Krob,Krob,Krob," 1,943.40 "," 6,000.00 ",20,,,,,,,,,,,
?????????????? ???? 21,ISK10480,,,ISK06,Krob,Krob,Krob," 2,906.90 "," 3,000.00 ",20,,,,,,,,,,,
?????????????? ???? 27,ISK10481,,,ISK06,Krob,Krob,Krob, 303.40 ," 4,000.00 ",20,,,,,,,,,,,
???????? 5?,ISK10482,,,ISK06,Krob,Krob,Krob," 1,127.50 "," 1,000.00 ",20,,,,,,,,,,,
??????? ??? ??????,ISK10483,,,ISK06,Krob,Krob,Krob," 6,642.00 "," 2,500.00 ",20,,,,,,,,,,,
??????? ?????? 27,ISK10484,,,ISK06,Krob,Krob,Krob," 18,450.00 "," 8,000.00 ",20,,,,,,,,,,,
??????? 16,ISK10485,,,ISK06,Krob,Krob,Krob," 22,550.00 "," 22,000.00 ",20,,,,,,,,,,,
??????? 20,ISK10486,,,ISK06,Krob,Krob,Krob," 33,620.00 "," 28,000.00 ",20,,,,,,,,,,,
??????? 25,ISK10487,,,ISK06,Krob,Krob,Krob," 19,967.00 "," 40,000.00 ",20,,,,,,,,,,,
??????? 16 50?,ISK10488,,,ISK06,Krob,Krob,Krob," 9,184.00 "," 25,000.00 ",20,,,,,,,,,,,
??????? 20 50?,ISK10489,,,IronSq,derm,derm,derm," 7,380.00 "," 30,000.00 ",20,,,,,,,,,,,
??????? 25 50?,ISK10490,,,IronSq,derm,derm,derm," 9,389.00 "," 45,000.00 ",20,,,,,,,,,,,
???????? 114,ISK10491,,,IronSq,derm,derm,derm," 14,965.00 "," 28,000.00 ",20,,,,,,,,,,,
???????? 65,ISK10492,,,IronSq,derm,derm,derm," 12,177.00 "," 15,000.00 ",20,,,,,,,,,,,
??????? ??????? ??? 21,ISK10493,,,IronSq,derm,derm,derm," 16,400.00 "," 18,000.00 ",20,,,,,,,,,,,
??????? ??????? ?? 27,ISK10494,,,IronSq,derm,derm,derm," 16,810.00 "," 25,000.00 ",20,,,,,,,,,,,
??? ????????????? 16,ISK10495,,,IronSq,derm,derm,derm," 14,965.00 ", 500.00 ,20,,,,,,,,,,,
??? ????????????? 20,ISK10496,,,IronSq,derm,derm,derm," 21,115.00 "," 1,000.00 ",20,,,,,,,,,,,
??? ????????????? 25,ISK10497,,,IronSq,derm,derm,derm," 22,222.00 "," 1,500.00 ",20,,,,,,,,,,,
??????? ????????????? 16,ISK10498,,,IronSq,derm,derm,derm," 28,085.00 ", 500.00 ,20,,,,,,,,,,,
??????? ????????????? 20,ISK10499,,,IronSq,derm,derm,derm," 38,335.00 "," 1,000.00 ",20,,,,,,,,,,,
??????? ????????????? 25,ISK10500,,,IronSq,derm,derm,derm," 48,790.00 "," 1,500.00 ",20,,,,,,,,,,,
??? ????????????? 16,ISK10501,,,IronSq,derm,derm,derm," 47,765.00 ", 500.00 ,20,,,,,,,,,,,
??? ????????????? 20,ISK10502,,,IronSq,derm,derm,derm," 63,550.00 "," 1,000.00 ",20,,,,,,,,,,,
??? ????????????? 25,ISK10503,,,IronSq,derm,derm,derm," 84,870.00 "," 1,500.00 ",20,,,,,,,,,,,
?? ????????????? 16,ISK10504,,,ISK07,derm,derm,derm," 14,641.10 "," 1,000.00 ",20,,,,,,,,,,,
?? ????????????? 20,ISK10505,,,ISK07,derm,derm,derm," 20,869.00 "," 1,500.00 ",20,,,,,,,,,,,
?? ????????????? 25,ISK10506,,,ISK07,derm,derm,derm," 28,486.80 "," 2,000.00 ",20,,,,,,,,,,,
???????????? ????????????? 16,ISK10507,,,ISK07,derm,derm,derm," 37,117.30 "," 2,000.00 ",20,,,,,,,,,,,
???????????? ????????????? 20,ISK10508,,,ISK07,derm,derm,derm," 13,804.70 "," 2,500.00 ",20,,,,,,,,,,,
???????????? ????????????? 25,ISK10509,,,ISK07,derm,derm,derm," 19,667.70 "," 3,000.00 ",20,,,,,,,,,,,
????????????? ????????????? 16,ISK10510,,,ISK07,derm,derm,derm," 26,846.80 "," 2,000.00 ",20,,,,,,,,,,,
????????????? ????????????? 20,ISK10511,,,ISK07,derm,derm,derm," 34,981.20 "," 2,500.00 ",20,,,,,,,,,,,
????????????? ????????????? 25,ISK10512,,,ISK07,KG,KG,KG," 2,296.00 "," 3,000.00 ",20,,,,,,,,,,,
???????,ISK10513,,,ISK07,KG,KG,KG," 2,853.60 "," 3,700.00 ",20,,,,,,,,,,,
????? 4??,ISK10514,,,ISK07,KG,KG,KG," 2,644.50 "," 3,300.00 ",20,,,,,,,,,,,
??????????  L309,ISK10515,,,ISK08,Unit,Unit,Unit," 45,100.00 "," 60,000.00 ",20,,,,,,,,,,,
???? Seven C309,ISK10516,,,ISK08,Unit,Unit,Unit," 36,900.00 "," 80,000.00 ",20,,,,,,,,,,,
???? C310,ISK10517,,,ISK08,Unit,Unit,Unit," 43,050.00 "," 120,000.00 ",20,,,,,,,,,,,
???? D513,ISK10518,,,ISK08,Unit,Unit,Unit," 32,800.00 "," 50,000.00 ",20,,,,,,,,,,,
?????????????  5star A802NC,ISK10519,,,ISK08,Unit,Unit,Unit," 217,300.00 "," 280,000.00 ",20,,,,,,,,,,,
????????? Gusto A6810NC,ISK10520,,,ISK08,Unit,Unit,Unit," 266,500.00 "," 345,000.00 ",20,,,,,,,,,,,
???????????????? 3L/6L,ISK10521,,,ISK08,Unit,Unit,Unit," 348,500.00 "," 445,000.00 ",20,,,,,,,,,,,
????????? Gusto A6856NC,ISK10522,,,ISK08,Unit,Unit,Unit," 389,500.00 "," 490,000.00 ",20,,,,,,,,,,,
????????? Gusto A6332NC,ISK10523,,,ISK08,Unit,Unit,Unit," 389,500.00 "," 490,000.00 ",20,,,,,,,,,,,
????????? ???? H414,ISK10524,,,ISK08,Unit,Unit,Unit," 143,500.00 "," 240,000.00 ",20,,,,,,,,,,,
????????? ??? Seven Star LX660,ISK10525,,,ISK08,Unit,Unit,Unit," 143,500.00 "," 240,000.00 ",20,,,,,,,,,,,
????21,ISK10526,,,ISK06,Krob,Krob,Krob," 1,701.50 "," 2,500.00 ",20,,,,,,,,,,,
????27 Apple,ISK10527,,,ISK06,Krob,Krob,Krob," 2,419.00 "," 3,500.00 ",20,,,,,,,,,,,
????34,ISK10528,,,ISK06,Krob,Krob,Krob," 3,280.00 "," 5,000.00 ",20,,,,,,,,,,,
????42,ISK10529,,,ISK06,Krob,Krob,Krob," 6,150.00 "," 9,000.00 ",20,,,,,,,,,,,
????49,ISK10530,,,ISK06,Krob,Krob,Krob," 9,635.00 "," 13,000.00 ",20,,,,,,,,,,,
????60,ISK10531,,,ISK06,Krob,Krob,Krob," 13,120.00 "," 18,000.00 ",20,,,,,,,,,,,
21- 18MM ??????5.0,ISK10532,,,ISK07,derm,derm,derm," 2,583.00 "," 3,500.00 ",50,,,,,,,,,,,
21- 18MM?????? 8.5,ISK10533,,,ISK07,derm,derm,derm," 4,510.00 "," 5,500.00 ",50,,,,,,,,,,,
21- 18MM Apple 8.5,ISK10534,,,ISK07,derm,derm,derm," 5,428.40 "," 6,500.00 ",30,,,,,,,,,,,
21- 18MM Apple 13.5,ISK10535,,,ISK07,derm,derm,derm," 3,034.00 "," 8,500.00 ",50,,,,,,,,,,,
27- 20MM??????5.0,ISK10536,,,ISK07,derm,derm,derm," 5,330.00 "," 4,500.00 ",50,,,,,,,,,,,
27- 20MM ??????8.5,ISK10537,,,ISK07,derm,derm,derm," 6,027.00 "," 6,500.00 ",50,,,,,,,,,,,
27-20MM Apple 8.5,ISK10538,,,ISK07,derm,derm,derm," 6,478.00 "," 8,000.00 ",50,,,,,,,,,,,
27-20MM Apple 13.5,ISK10539,,,ISK07,derm,derm,derm," 4,428.00 "," 10,000.00 ",50,,,,,,,,,,,
34- 25MM??????5.0,ISK10540,,,ISK07,derm,derm,derm," 7,380.00 "," 6,000.00 ",50,,,,,,,,,,,
34-25 MM ??????8.5,ISK10541,,,ISK07,derm,derm,derm," 5,617.00 "," 9,000.00 ",50,,,,,,,,,,,
42- 35MM??????5.0,ISK10542,,,ISK07,derm,derm,derm," 6,355.00 "," 7,000.00 ",30,,,,,,,,,,,
42- 35MM?????? 8.5,ISK10543,,,ISK07,derm,derm,derm," 10,332.00 "," 10,000.00 ",30,,,,,,,,,,,
49-40MM??????5.0,ISK10544,,,ISK07,derm,derm,derm," 8,159.00 "," 8,000.00 ",30,,,,,,,,,,,
49-40MM ?????? 8.5,ISK10545,,,ISK07,derm,derm,derm," 15,990.00 "," 13,000.00 ",30,,,,,,,,,,,
60-55MM??????5.0,ISK10546,,,ISK07,derm,derm,derm," 13,981.00 "," 10,000.00 ",30,,,,,,,,,,,
60-55MM ?????? 8.5,ISK10547,,,ISK07,derm,derm,derm," 12,710.00 "," 20,000.00 ",30,,,,,,,,,,,
75-65MM??????5.0,ISK10548,,,ISK07,derm,derm,derm," 15,785.00 "," 15,000.00 ",30,,,,,,,,,,,
90-80MM??????5.0,ISK10549,,,ISK07,derm,derm,derm," 33,620.00 "," 20,000.00 ",30,,,,,,,,,,,
90-80MM ?????? 8.5,ISK10550,,,ISK07,derm,derm,derm," 23,165.00 "," 40,000.00 ",30,,,,,,,,,,,
100-114MM ??????5.0,ISK10551,,,ISK07,derm,derm,derm," 36,900.00 "," 28,000.00 ",10,,,,,,,,,,,
125-120MM??????5.0,ISK10552,,,ISK07,derm,derm,derm," 49,077.00 "," 45,000.00 ",10,,,,,,,,,,,
125-120MM ????? 5.0,ISK10553,,,ISK07,derm,derm,derm," 98,400.00 "," 60,000.00 ",10,,,,,,,,,,,
125-120mm ?????? 8.5,ISK10554,,,ISK07,derm,derm,derm," 43,050.00 "," 100,000.00 ",10,,,,,,,,,,,
1252-120mm ????? 8.5,ISK10555,,,ISK07,derm,derm,derm," 111,930.00 "," 110,000.00 ",10,,,,,,,,,,,
165-150MM??????,ISK10556,,,ISK07,derm,derm,derm," 79,950.00 "," 50,000.00 ",10,,,,,,,,,,,
165-150MM ?????? 8.5,ISK10557,,,ISK07,derm,derm,derm," 279,825.00 "," 130,000.00 ",5,,,,,,,,,,,
200 ?????? 5.0,ISK10558,,,ISK07,derm,derm,derm," 347,639.00 "," 95,000.00 ",2,,,,,,,,,,,
250,ISK10559,,,ISK07,derm,derm,derm," 29,110.00 "," 328,000.00 ",30,,,,,,,,,,,
300,ISK10560,,,ISK07,derm,derm,derm," 45,100.00 "," 410,000.00 ",30,,,,,,,,,,,
90-80MM ?????,ISK10561,,,ISK07,derm,derm,derm," 11,857.20 "," 33,000.00 ",30,,,,,,,,,,,
114 MM ?????,ISK10562,,,ISK07,derm,derm,derm," 31,160.00 "," 50,000.00 ",30,,,,,,,,,,,
????? 49 ?????,ISK10563,,,ISK07,derm,derm,derm," 31,160.00 "," 13,000.00 ",30,,,,,,,,,,,
????? 90 ?????,ISK10564,,,ISK07,derm,derm,derm," 45,141.00 "," 34,000.00 ",30,,,,,,,,,,,
????? 90 ????? ??????,ISK10565,,,ISK07,derm,derm,derm," 44,731.00 "," 35,000.00 ",30,,,,,,,,,,,
????? 114 ????? ??????,ISK10566,,,ISK07,derm,derm,derm," 104,550.00 "," 48,000.00 ",30,,,,,,,,,,,
????? 114 ?????,ISK10567,,,ISK06,derm,derm,derm," 4,067.20 "," 48,000.00 ",20,,,,,,,,,,,
????? 125 ????? 8.5,ISK10568,,,ISK06,derm,derm,derm," 2,935.60 "," 115,000.00 ",20,,,,,,,,,,,
???? 125 8.5,ISK10569,,,ISK06,derm,derm,derm," 2,714.20 "," 105,000.00 ",20,,,,,,,,,,,
???????????????? 25,ISK10570,,,ISK08,Unit,Unit,Unit," 149,650.00 "," 5,000.00 ",2,,,,,,,,,,,
???????????????? 20,ISK10571,,,ISK08,Unit,Unit,Unit," 112,750.00 "," 4,000.00 ",2,,,,,,,,,,,
???????????????? 16,ISK10572,,,ISK08,Unit,Unit,Unit," 168,100.00 "," 3,500.00 ",2,,,,,,,,,,,
200L ???,ISK10573,,,ISK08,Unit,Unit,Unit," 131,200.00 "," 180,000.00 ",2,,,,,,,,,,,
200L ?? ,ISK10574,,,ISK08,Unit,Unit,Unit," 223,450.00 "," 140,000.00 ",2,,,,,,,,,,,
300L ???,ISK10575,,,ISK08,Unit,Unit,Unit," 260,350.00 "," 200,000.00 ",2,,,,,,,,,,,
300L ??,ISK10576,,,ISK08,Unit,Unit,Unit," 2,460,000.00 "," 180,000.00 ",2,,,,,,,,,,,
500L ??,ISK10577,,,ISK08,Unit,Unit,Unit," 1,927,000.00 "," 260,000.00 ",2,,,,,,,,,,,
500L ???,ISK10578,,,ISK08,Unit,Unit,Unit," 537,100.00 "," 300,000.00 ",2,,,,,,,,,,,
700L ???,ISK10579,,,ISK08,Unit,Unit,Unit," 444,850.00 "," 380,000.00 ",2,,,,,,,,,,,
1000 L ?????? ??? C,ISK10580,,,ISK08,Unit,Unit,Unit," 500,200.00 "," 680,000.00 ",2,,,,,,,,,,,
1000 L ???,ISK10581,,,ISK08,Unit,Unit,Unit," 684,700.00 "," 600,000.00 ",2,,,,,,,,,,,
1000L ??,ISK10582,,,ISK08,Unit,Unit,Unit," 574,000.00 "," 520,000.00 ",2,,,,,,,,,,,
1200L ??,ISK10583,,,ISK08,Unit,Unit,Unit," 869,200.00 "," 580,000.00 ",2,,,,,,,,,,,
1500L ?? A,ISK10584,,,ISK08,Unit,Unit,Unit," 758,500.00 "," 640,000.00 ",2,,,,,,,,,,,
1500L ?? B,ISK10585,,,ISK08,Unit,Unit,Unit," 315,700.00 "," 800,000.00 ",2,,,,,,,,,,,
1500L ?? C,ISK10586,,,ISK08,Unit,Unit,Unit," 537,100.00 "," 960,000.00 ",2,,,,,,,,,,,
1500L ?????? ??? A,ISK10587,,,ISK08,Unit,Unit,Unit," 629,350.00 "," 720,000.00 ",2,,,,,,,,,,,
1500L ???,ISK10588,,,ISK08,Unit,Unit,Unit," 758,500.00 "," 760,000.00 ",2,,,,,,,,,,,
1500L ??,ISK10589,,,ISK08,Unit,Unit,Unit," 647,800.00 "," 600,000.00 ",2,,,,,,,,,,,
2000L ???,ISK10590,,,ISK08,Unit,Unit,Unit," 1,016,800.00 "," 1,000,000.00 ",2,,,,,,,,,,,
2000L ??,ISK10591,,,ISK08,Unit,Unit,Unit," 1,275,100.00 "," 840,000.00 ",2,,,,,,,,,,,
500L ??? ???,ISK10592,,,ISK08,Unit,Unit,Unit," 1,533,400.00 "," 360,000.00 ",2,,,,,,,,,,,
1000L ?? ???,ISK10593,,,ISK08,Unit,Unit,Unit," 2,919,200.00 "," 640,000.00 ",2,,,,,,,,,,,
1000L ??? ???,ISK10594,,,KLAK,Unit,Unit,Unit," 217,300.00 "," 760,000.00 ",1,,,,,,,,,,,
1500L ??? ???,ISK10595,,,KLAK,Unit,Unit,Unit," 299,300.00 "," 920,000.00 ",1,,,,,,,,,,,
1500L ?? ???,ISK10596,,,KLAK,Unit,Unit,Unit," 451,000.00 "," 760,000.00 ",1,,,,,,,,,,,
???????????????????? ???,ISK10597,,,KLAK,Unit,Unit,Unit," 19,680.00 "," 32,000.00 ",1,,,,,,,,,,,
???????????????????? ???,ISK10598,,,MNEQUIP,Unit,Unit,Unit," 5,740.00 "," 12,000.00 ",2,,,,,,,,,,,
?????? USA 2???,ISK10599,,,MNEQUIP,Unit,Unit,Unit," 217,300.00 "," 30,000.00 ",5,,,,,,,,,,,
?????? USA 3T,ISK10600,,,MNEQUIP,Unit,Unit,Unit," 299,300.00 "," 400,000.00 ",5,,,,,,,,,,,
?????? USA 5T,ISK10601,,,MNEQUIP,Unit,Unit,Unit," 451,000.00 "," 540,000.00 ",5,,,,,,,,,,,
????????? 1???,ISK10602,,,MNEQUIP,Unit,Unit,Unit," 94,300.00 "," 140,000.00 ",5,,,,,,,,,,,
????????????????? ?,ISK10603,,,MNEQUIP,Unit,Unit,Unit," 6,970.00 "," 10,000.00 ",5,,,,,,,,,,,
??????????? 13??,ISK10604,,,HAMMER,Unit,Unit,Unit," 9,020.00 "," 12,000.00 ",5,,,,,,,,,,,
?????????? ? 16,ISK10605,,,HAMMER,Unit,Unit,Unit," 13,530.00 "," 18,000.00 ",5,,,,,,,,,,,
???????????? ???,ISK10606,,,HAMMER,Unit,Unit,Unit," 2,050.00 "," 3,000.00 ",5,,,,,,,,,,,
????????? 35?? 100?,ISK10607,,,HAMMER,Unit,Unit,Unit," 5,002.00 "," 7,000.00 ",5,,,,,,,,,,,
????????? 50?? ,ISK10608,,,HAMMER,Unit,Unit,Unit," 8,405.00 "," 12,000.00 ",5,,,,,,,,,,,
???? 0.5?? ???,ISK10609,,,ConEqui,Unit,Unit,Unit," 6,970.00 "," 9,000.00 ",5,,,,,,,,,,,
???? 1.5?? 4?????,ISK10610,,,ConEqui,Unit,Unit,Unit," 13,530.00 "," 18,000.00 ",5,,,,,,,,,,,
???? 1?? 4?????,ISK10611,,,MNEQUIP,Unit,Unit,Unit," 11,480.00 "," 16,000.00 ",5,,,,,,,,,,,
???? 1?? ?????????,ISK10612,,,MNEQUIP,Unit,Unit,Unit," 11,070.00 "," 15,000.00 ",5,,,,,,,,,,,
???? 2?? 4?????,ISK10613,,,MNEQUIP,Unit,Unit,Unit," 15,170.00 "," 20,000.00 ",5,,,,,,,,,,,
?????  ????,ISK10614,,,MNEQUIP,Unit,Unit,Unit," 4,510.00 "," 6,000.00 ",5,,,,,,,,,,,
????? ???,ISK10615,,,MNEQUIP,Unit,Unit,Unit," 5,740.00 "," 8,000.00 ",5,,,,,,,,,,,
??????????????? 6,ISK10616,,,MNEQUIP,Unit,Unit,Unit," 4,920.00 "," 7,000.00 ",5,,,,,,,,,,,
??????????????? 8,ISK10617,,,MNEQUIP,Unit,Unit,Unit," 5,945.00 "," 8,000.00 ",5,,,,,,,,,,,
???????????????? 6,ISK10618,,,MNEQUIP,Unit,Unit,Unit," 4,920.00 "," 7,000.00 ",5,,,,,,,,,,,
???????????????? 8,ISK10619,,,MNEQUIP,Unit,Unit,Unit," 5,945.00 "," 8,000.00 ",5,,,,,,,,,,,
???????????????? 6,ISK10620,,,MNEQUIP,Unit,Unit,Unit," 4,920.00 "," 7,000.00 ",5,,,,,,,,,,,
???????????????? 8,ISK10621,,,MNEQUIP,Unit,Unit,Unit," 5,945.00 "," 8,000.00 ",5,,,,,,,,,,,
??????????? Niko,ISK10622,,,MNEQUIP,Unit,Unit,Unit," 15,170.00 "," 18,000.00 ",5,,,,,,,,,,,
??????????????? Cat,ISK10623,,,MNEQUIP,Unit,Unit,Unit," 7,790.00 "," 10,000.00 ",5,,,,,,,,,,,
??????????????,ISK10624,,,MNEQUIP,Unit,Unit,Unit," 4,510.00 "," 6,000.00 ",5,,,,,,,,,,,
????????????????? ??????,ISK10625,,,MNEQUIP,Unit,Unit,Unit," 1,845.00 "," 4,000.00 ",5,,,,,,,,,,,
??? ??? ??? 12 ??,ISK10626,,,MNEQUIP,Unit,Unit,Unit," 6,150.00 "," 8,000.00 ",5,,,,,,,,,,,
"????????????????? 7""",ISK10627,,,MNEQUIP,Unit,Unit,Unit," 6,560.00 "," 9,000.00 ",5,,,,,,,,,,,
"????????????????? 7""",ISK10628,,,MNEQUIP,Unit,Unit,Unit," 6,560.00 "," 9,000.00 ",5,,,,,,,,,,,
"???????????????? ??? 8""",ISK10629,,,MNEQUIP,Unit,Unit,Unit," 7,790.00 "," 10,000.00 ",5,,,,,,,,,,,
"???????????????? ??? 7""",ISK10630,,,MNEQUIP,Unit,Unit,Unit," 6,560.00 "," 9,000.00 ",5,,,,,,,,,,,
??????????????? 6,ISK10631,,,MNEQUIP,Unit,Unit,Unit," 4,920.00 "," 7,000.00 ",5,,,,,,,,,,,
??????????????? 8,ISK10632,,,MNEQUIP,Unit,Unit,Unit," 5,945.00 "," 8,000.00 ",5,,,,,,,,,,,
???????????????? 6,ISK10633,,,MNEQUIP,Unit,Unit,Unit," 4,920.00 "," 7,000.00 ",5,,,,,,,,,,,
???????????????? 8,ISK10634,,,MNEQUIP,Unit,Unit,Unit," 5,945.00 "," 8,000.00 ",5,,,,,,,,,,,
?????????????? ?????,ISK10635,,,ConEqui,Unit,Unit,Unit," 12,300.00 "," 16,000.00 ",5,,,,,,,,,,,
?????????????? ??????,ISK10636,,,ConEqui,Unit,Unit,Unit," 5,535.00 "," 8,000.00 ",5,,,,,,,,,,,
???????????????? 6,ISK10637,,,ConEqui,Unit,Unit,Unit," 4,920.00 "," 7,000.00 ",5,,,,,,,,,,,
???????????????? 8,ISK10638,,,ConEqui,Unit,Unit,Unit," 5,945.00 "," 8,000.00 ",5,,,,,,,,,,,
??????????? IRWIN USA,ISK10639,,,ConEqui,Unit,Unit,Unit," 43,050.00 "," 55,000.00 ",5,,,,,,,,,,,
????????? 25,ISK10640,,,ConEqui,Unit,Unit,Unit," 20,500.00 "," 25,000.00 ",5,,,,,,,,,,,
?????? ????? 8 ??,ISK10641,,,ConEqui,Unit,Unit,Unit," 1,845.00 "," 3,000.00 ",5,,,,,,,,,,,
?????? ?????? 10??,ISK10642,,,ConEqui,Unit,Unit,Unit," 1,845.00 "," 3,000.00 ",5,,,,,,,,,,,
?????? ?????? 12??,ISK10643,,,ConEqui,Unit,Unit,Unit," 1,845.00 "," 3,500.00 ",5,,,,,,,,,,,
?????? ?????? 14??,ISK10644,,,ConEqui,Unit,Unit,Unit," 2,050.00 "," 4,000.00 ",5,,,,,,,,,,,
??????? 16??,ISK10645,,,ConEqui,Unit,Unit,Unit," 4,592.00 "," 7,000.00 ",5,,,,,,,,,,,
??????? 18??,ISK10646,,,ConEqui,Unit,Unit,Unit," 6,150.00 "," 9,000.00 ",5,,,,,,,,,,,
??????? 20??,ISK10647,,,ConEqui,Unit,Unit,Unit," 6,642.00 "," 10,000.00 ",5,,,,,,,,,,,
??????? 22??,ISK10648,,,ConEqui,Unit,Unit,Unit," 7,667.00 "," 10,000.00 ",5,,,,,,,,,,,
??????? 25??,ISK10649,,,ConEqui,Unit,Unit,Unit," 10,865.00 "," 15,000.00 ",5,,,,,,,,,,,
?????? 34*21,ISK10650,,,ConEqui,Unit,Unit,Unit," 2,583.00 "," 4,000.00 ",5,,,,,,,,,,,
?????? 34*27,ISK10651,,,ConEqui,Unit,Unit,Unit," 2,583.00 "," 4,000.00 ",5,,,,,,,,,,,
?????????? ??????688,ISK10652,,,ConEqui,Unit,Unit,Unit," 504,300.00 ", 150.00 ,5,,,,,,,,,,,
??????? 3.5??? KW ?????,ISK10653,,,ConEqui,Unit,Unit,Unit," 7,380.00 "," 8,500.00 ",5,,,,,,,,,,,
?????????? KW ???? 3.5??? ????,ISK10654,,,ConEqui,Unit,Unit,Unit," 8,118.00 "," 11,000.00 ",5,,,,,,,,,,,
??????????? 20?,ISK10655,,,ConEqui,Unit,Unit,Unit," 17,220.00 "," 25,000.00 ",5,,,,,,,,,,,
???????????? 15?,ISK10656,,,ConEqui,Unit,Unit,Unit," 15,170.00 "," 20,000.00 ",5,,,,,,,,,,,
??????????? 100?,ISK10657,,,ConEqui,Unit,Unit,Unit," 4,756.00 "," 7,000.00 ",5,,,,,,,,,,,
?????? ??? ????????? 1.5???,ISK10658,,,ConEqui,Unit,Unit,Unit," 2,747.00 "," 4,000.00 ",5,,,,,,,,,,,
?????? ??? ????????? 2???,ISK10659,,,ConEqui,Unit,Unit,Unit," 3,485.00 "," 5,000.00 ",5,,,,,,,,,,,
?????? ??????????? 2.5???,ISK10660,,,ConEqui,Unit,Unit,Unit," 3,075.00 "," 4,000.00 ",5,,,,,,,,,,,
?????? ??????????? 2???,ISK10661,,,ConEqui,Unit,Unit,Unit," 2,788.00 "," 4,000.00 ",2,,,,,,,,,,,
?????? ??????????? 3???,ISK10662,,,ConEqui,Unit,Unit,Unit," 3,485.00 "," 5,000.00 ",2,,,,,,,,,,,
?????? ?? ??? 1.5???,ISK10663,,,ConEqui,Unit,Unit,Unit," 2,788.00 "," 4,000.00 ",10,,,,,,,,,,,
?????? ?? ??? 1???,ISK10664,,,ConEqui,Unit,Unit,Unit," 2,378.00 "," 4,000.00 ",5,,,,,,,,,,,
?????? ?? ??? 2???,ISK10665,,,ConEqui,Unit,Unit,Unit," 3,403.00 "," 5,000.00 ",5,,,,,,,,,,,
???????????????? Nikko (200),ISK10666,,,ConEqui,Unit,Unit,Unit," 492,000.00 "," 560,000.00 ",5,,,,,,,,,,,
???????????????? Nikko (250),ISK10667,,,ConEqui,Unit,Unit,Unit," 553,500.00 "," 640,000.00 ",5,,,,,,,,,,,
??????????? ???? ? ,ISK10668,,,ISK01,Unit,Unit,Unit," 2,870.00 "," 4,000.00 ",10,,,,,,,,,,,
???? 10??,ISK10669,,,ISK01,Unit,Unit,Unit," 1,435.00 "," 2,000.00 ",10,,,,,,,,,,,
???? 12??,ISK10670,,,ISK01,Unit,Unit,Unit," 2,009.00 "," 3,000.00 ",10,,,,,,,,,,,
???? 14??,ISK10671,,,ISK01,Unit,Unit,Unit," 2,665.00 "," 4,000.00 ",10,,,,,,,,,,,
???? 16??,ISK10672,,,ISK01,Unit,Unit,Unit," 3,403.00 "," 5,000.00 ",10,,,,,,,,,,,
????????????? BENZ ?????,ISK10673,,,ISK01,Unit,Unit,Unit," 15,170.00 "," 20,000.00 ",10,,,,,,,,,,,
?????????? 1.8??? Makita,ISK10674,,,ISK01,Unit,Unit,Unit," 18,450.00 "," 25,000.00 ",10,,,,,,,,,,,
?????????? 1.8??? ??????,ISK10675,,,ISK01,Unit,Unit,Unit," 6,150.00 "," 10,000.00 ",10,,,,,,,,,,,
?????????? 1??? ????,ISK10676,,,ISK01,Unit,Unit,Unit," 4,510.00 "," 10,000.00 ",10,,,,,,,,,,,
?????????? 3.5??? ??????,ISK10677,,,ISK01,Unit,Unit,Unit," 28,700.00 "," 35,000.00 ",10,,,,,,,,,,,
????????????? ,ISK10678,,,ISK01,Unit,Unit,Unit, 164.00 , 500.00 ,10,,,,,,,,,,,
??????? ??? 8 Vorex,ISK10679,,,ISK01,Unit,Unit,Unit," 2,255.00 "," 4,000.00 ",10,,,,,,,,,,,
?????????? 8??,ISK10680,,,ISK09,Unit,Unit,Unit," 1,230.00 "," 3,000.00 ",10,,,,,,,,,,,
?????????? Nikatec,ISK10681,,,ISK09,Unit,Unit,Unit," 2,050.00 "," 3,000.00 ",10,,,,,,,,,,,
??????? ??? 8 Nikatec,ISK10682,,,ISK09,Unit,Unit,Unit," 2,255.00 "," 3,000.00 ",10,,,,,,,,,,,
?????????? ??? Nico,ISK10683,,,ISK09,Unit,Unit,Unit," 2,050.00 "," 3,500.00 ",10,,,,,,,,,,,
?????????????,ISK10684,,,ISK09,Unit,Unit,Unit, 820.00 ," 1,500.00 ",10,,,,,,,,,,,
???????????? 0810DC,ISK10685,,,ISK09,Unit,Unit,Unit," 8,200.00 "," 10,000.00 ",10,,,,,,,,,,,
??????? ?? ??? Bosch ,ISK10686,,,ISK09,Unit,Unit,Unit," 15,580.00 "," 20,000.00 ",10,,,,,,,,,,,
????????? ??? 10.5??,ISK10687,,,ISK09,Unit,Unit,Unit," 2,296.00 "," 3,000.00 ",10,,,,,,,,,,,
????????? ??? 10??,ISK10688,,,ISK09,Unit,Unit,Unit," 2,296.00 "," 3,000.00 ",10,,,,,,,,,,,
????????? ??? 14??,ISK10689,,,ISK09,Unit,Unit,Unit," 2,870.00 "," 4,000.00 ",10,,,,,,,,,,,
????????? ??? 2.5??,ISK10690,,,ISK09,Unit,Unit,Unit, 385.40 ," 1,000.00 ",10,,,,,,,,,,,
????????? ??? 2??,ISK10691,,,ISK09,Unit,Unit,Unit, 385.40 ," 1,000.00 ",10,,,,,,,,,,,
????????? ??? 3.5??,ISK10692,,,ISK09,Unit,Unit,Unit, 738.00 ," 1,500.00 ",10,,,,,,,,,,,
????????? ??? 3??,ISK10693,,,ISK09,Unit,Unit,Unit, 615.00 ," 1,000.00 ",10,,,,,,,,,,,
????????? ??? 6.5??,ISK10694,,,ISK09,Unit,Unit,Unit," 1,148.00 "," 2,000.00 ",10,,,,,,,,,,,
????????? ??? 6??,ISK10695,,,ISK09,Unit,Unit,Unit," 1,148.00 "," 2,000.00 ",10,,,,,,,,,,,
????????? ??? 9??,ISK10696,,,ISK09,Unit,Unit,Unit," 1,927.00 "," 2,500.00 ",10,,,,,,,,,,,
???????????? 11 ??,ISK10697,,,ISK09,Unit,Unit,Unit," 2,460.00 "," 3,500.00 ",10,,,,,,,,,,,
???????????? 11.5 ??,ISK10698,,,ISK09,Unit,Unit,Unit," 2,665.00 "," 3,500.00 ",10,,,,,,,,,,,
???????????? 12 ??,ISK10699,,,ISK09,Unit,Unit,Unit," 2,870.00 "," 4,000.00 ",10,,,,,,,,,,,
???????????? 4 ??,ISK10700,,,ISK09,Unit,Unit,Unit, 656.00 ," 1,000.00 ",10,,,,,,,,,,,
???????????? 4.5 ??,ISK10701,,,ISK09,Unit,Unit,Unit, 738.00 ," 1,000.00 ",10,,,,,,,,,,,
???????????? 5.5 ??,ISK10702,,,ISK09,Unit,Unit,Unit, 594.50 ," 1,500.00 ",10,,,,,,,,,,,
???????????? 8 ??,ISK10703,,,ISK09,Unit,Unit,Unit," 1,230.00 "," 2,500.00 ",10,,,,,,,,,,,
???????????? 8.5 ??,ISK10704,,,ISK09,Unit,Unit,Unit," 1,435.00 "," 2,500.00 ",10,,,,,,,,,,,
???????????? ?????? 10,ISK10705,,,ISK09,Unit,Unit,Unit," 12,464.00 "," 15,000.00 ",10,,,,,,,,,,,
???????????? ?????? 11,ISK10706,,,ISK09,Unit,Unit,Unit," 15,990.00 "," 18,500.00 ",10,,,,,,,,,,,
???????????? ?????? 12,ISK10707,,,ISK09,Unit,Unit,Unit," 19,680.00 "," 22,000.00 ",10,,,,,,,,,,,
???????????? ?????? 13,ISK10708,,,ISK09,Unit,Unit,Unit," 22,960.00 "," 26,000.00 ",10,,,,,,,,,,,
???????????? ?????? 14,ISK10709,,,ISK09,Unit,Unit,Unit," 25,010.00 "," 30,000.00 ",10,,,,,,,,,,,
???????????? ?????? 4,ISK10710,,,ISK09,Unit,Unit,Unit," 2,050.00 "," 3,000.00 ",10,,,,,,,,,,,
???????????? ?????? 4.5,ISK10711,,,ISK09,Unit,Unit,Unit," 2,378.00 "," 3,500.00 ",10,,,,,,,,,,,
???????????? ?????? 5,ISK10712,,,ISK09,Unit,Unit,Unit," 2,747.00 "," 4,000.00 ",10,,,,,,,,,,,
???????????? ?????? 5.5,ISK10713,,,ISK09,Unit,Unit,Unit," 3,649.00 "," 4,500.00 ",10,,,,,,,,,,,
???????????? ?????? 6,ISK10714,,,ISK09,Unit,Unit,Unit," 4,100.00 "," 5,500.00 ",10,,,,,,,,,,,
???????????? ?????? 6.5,ISK10715,,,ISK09,Unit,Unit,Unit," 4,920.00 "," 6,500.00 ",10,,,,,,,,,,,
???????????? ?????? 7,ISK10716,,,ISK09,Unit,Unit,Unit," 5,740.00 "," 7,500.00 ",10,,,,,,,,,,,
???????????? ?????? 8,ISK10717,,,ISK09,Unit,Unit,Unit," 7,790.00 "," 10,000.00 ",10,,,,,,,,,,,
???????????? ?????? 9,ISK10718,,,ISK09,Unit,Unit,Unit," 10,250.00 "," 12,500.00 ",10,,,,,,,,,,,
???????????? 14,ISK10719,,,ISK09,Unit,Unit,Unit," 4,920.00 "," 8,000.00 ",10,,,,,,,,,,,
????????????????? ??? 5??,ISK10720,,,ISK10,Unit,Unit,Unit," 2,296.00 "," 3,000.00 ",2,,,,,,,,,,,
????????????????? ??? 6??,ISK10721,,,ISK10,Unit,Unit,Unit," 2,296.00 "," 3,000.00 ",2,,,,,,,,,,,
????????????????? 14??,ISK10722,,,ISK10,Unit,Unit,Unit," 4,612.50 "," 6,000.00 ",2,,,,,,,,,,,
????????????????? 5 ??? 12??,ISK10723,,,ISK10,Unit,Unit,Unit," 2,296.00 "," 3,000.00 ",2,,,,,,,,,,,
???????????? 10??,ISK10724,,,ISK10,Unit,Unit,Unit," 2,870.00 "," 6,000.00 ",2,,,,,,,,,,,
???????????? 12??,ISK10725,,,ISK10,Unit,Unit,Unit," 2,870.00 "," 6,000.00 ",2,,,,,,,,,,,
???????????? 6??,ISK10726,,,ISK10,Unit,Unit,Unit," 2,870.00 "," 6,000.00 ",2,,,,,,,,,,,
???????????? 8??,ISK10727,,,ISK10,Unit,Unit,Unit," 2,870.00 "," 6,000.00 ",2,,,,,,,,,,,
????? ??????? Ouderli 3.5twk,ISK10728,,,ISK10,Unit,Unit,Unit," 205,000.00 "," 280,000.00 ",2,,,,,,,,,,,
?????? ????????? Nikko 1.8???,ISK10729,,,ISK10,Unit,Unit,Unit," 176,300.00 "," 240,000.00 ",2,,,,,,,,,,,
?????? ????????? Nikko 1???,ISK10730,,,ISK10,Unit,Unit,Unit," 143,500.00 "," 20,000.00 ",2,,,,,,,,,,,
?????? ???  Milltec 1???,ISK10731,,,ISK10,Unit,Unit,Unit," 94,300.00 "," 140,000.00 ",2,,,,,,,,,,,
?????????? 3.5??? KEN,ISK10732,,,ISK10,Unit,Unit,Unit," 369,000.00 "," 440,000.00 ",2,,,,,,,,,,,
??????????????? Niko 110A,ISK10733,,,ISK10,Unit,Unit,Unit," 143,500.00 "," 20,000.00 ",22,,,,,,,,,,,
????????????? Niko,ISK10734,,,ISK10,Unit,Unit,Unit," 369,000.00 "," 440,000.00 ",2,,,,,,,,,,,
????????????? ODL 3.5???,ISK10735,,,ISK10,Unit,Unit,Unit," 369,000.00 "," 440,000.00 ",2,,,,,,,,,,,
????????????? YAMATO 3.5???,ISK10736,,,ISK10,Unit,Unit,Unit," 213,200.00 "," 28,000.00 ",2,,,,,,,,,,,
????????? Dewalt 1???,ISK10737,,,ISK10,Unit,Unit,Unit," 118,900.00 "," 180,000.00 ",2,,,,,,,,,,,
????????? Milltech 1T,ISK10738,,,ISK10,Unit,Unit,Unit," 90,200.00 "," 140,000.00 ",2,,,,,,,,,,,
????????? NIKKO 1T,ISK10739,,,ISK10,Unit,Unit,Unit," 94,300.00 "," 140,000.00 ",2,,,,,,,,,,,
??????????????? DC 20c,ISK10740,,,ISK10,Unit,Unit,Unit," 205,000.00 "," 260,000.00 ",2,,,,,,,,,,,
????????? DC 0810,ISK10741,,,ISK10,Unit,Unit,Unit," 430,500.00 "," 520,000.00 ",2,,,,,,,,,,,
??????????? DC,ISK10742,,,ISK10,Unit,Unit,Unit," 196,800.00 "," 280,000.00 ",2,,,,,,,,,,,
????????? TOTia,ISK10743,,,ISK10,Unit,Unit,Unit," 143,500.00 "," 200,000.00 ",2,,,,,,,,,,,
??????????? Bosch 24,ISK10744,,,ISK10,Unit,Unit,Unit," 114,800.00 "," 160,000.00 ",2,,,,,,,,,,,
??????????? Bosch 24 ???,ISK10745,,,ISK10,Unit,Unit,Unit," 137,350.00 "," 20,000.00 ",2,,,,,,,,,,,
??????????? Bosch 26,ISK10746,,,ISK10,Unit,Unit,Unit," 155,800.00 "," 20,000.00 ",2,,,,,,,,,,,
??????????? Bosch 26 ???,ISK10747,,,ISK06,Unit,Unit,Unit," 168,100.00 "," 220,000.00 ",30,,,,,,,,,,,
??????????? Niko,ISK10748,,,ISK06,Unit,Unit,Unit," 90,200.00 "," 140,000.00 ",30,,,,,,,,,,,
??????????? ?????? MOSTO,ISK10749,,,ISK06,Unit,Unit,Unit," 196,800.00 "," 240,000.00 ",30,,,,,,,,,,,
???????????????? Nikko 16A,ISK10750,,,ISK06,Unit,Unit,Unit," 180,400.00 "," 240,000.00 ",30,,,,,,,,,,,
??????????????? Makita 0810,ISK10751,,,MNEQUIP,Unit,Unit,Unit," 225,500.00 "," 260,000.00 ",10,,,,,,,,,,,
?????????????? Nikko 26As ???????,ISK10752,,,MNEQUIP,Unit,Unit,Unit," 237,800.00 "," 30,000.00 ",5,,,,,,,,,,,
?????????????? Niko 2???,ISK10753,,,ConEqui,Unit,Unit,Unit," 233,700.00 "," 320,000.00 ",10,,,,,,,,,,,
"??????????? ????? 6""",ISK10754,,,ConEqui,Unit,Unit,Unit," 98,400.00 "," 160,000.00 ",10,,,,,,,,,,,
"??????????? ????? Sato 6""",ISK10755,,,E-EQUIP,Unit,Unit,Unit," 217,300.00 "," 30,000.00 ",15,,,,,,,,,,,
????? 34*21,ISK10756,,,E-EQUIP,Unit,Unit,Unit, 369.00 ," 1,000.00 ",15,,,,,,,,,,,
????? 34*27,ISK10757,,,E-EQUIP,Unit,Unit,Unit, 615.00 ," 1,000.00 ",15,,,,,,,,,,,
????? 34*21,ISK10758,,,E-EQUIP,Unit,Unit,Unit," 2,255.00 "," 4,000.00 ",15,,,,,,,,,,,
????? 34*27,ISK10759,,,E-EQUIP,Unit,Unit,Unit," 2,255.00 "," 4,000.00 ",15,,,,,,,,,,,
??????????,ISK10760,,,E-EQUIP,Unit,Unit,Unit," 1,230.00 "," 2,500.00 ",15,,,,,,,,,,,
????? Yeti,ISK10761,,,E-EQUIP,Unit,Unit,Unit," 45,100.00 "," 60,000.00 ",15,,,,,,,,,,,
????? ???,ISK10762,,,E-EQUIP,Unit,Unit,Unit," 35,260.00 "," 45,000.00 ",15,,,,,,,,,,,
??????? ??????,ISK10763,,,ISK11,Unit,Unit,Unit, 656.00 ," 1,500.00 ",2,,,,,,,,,,,
??????? ??? ??,ISK10764,,,ISK11,Unit,Unit,Unit," 36,900.00 "," 43,000.00 ",2,,,,,,,,,,,
????????? sunson ???- ???????,ISK10765,,,ISK11,Unit,Unit,Unit," 36,080.00 "," 48,000.00 ",2,,,,,,,,,,,
????????? sunson ???- ?,ISK10766,,,ISK11,Unit,Unit,Unit," 36,080.00 "," 48,000.00 ",2,,,,,,,,,,,
????????? sunson ???- ????,ISK10767,,,ISK11,Unit,Unit,Unit," 36,080.00 "," 48,000.00 ",2,,,,,,,,,,,
????????? Tiger  ??,ISK10768,,,ISK11,Unit,Unit,Unit," 45,100.00 "," 60,000.00 ",2,,,,,,,,,,,
????????? Tiger ????????,ISK10769,,,ISK11,Unit,Unit,Unit," 36,900.00 "," 52,000.00 ",2,,,,,,,,,,,
????????? Tiger ???????,ISK10770,,,ISK11,Unit,Unit,Unit," 36,900.00 "," 52,000.00 ",2,,,,,,,,,,,
????????? Tiger ?,ISK10771,,,ISK11,Unit,Unit,Unit," 34,850.00 "," 48,000.00 ",2,,,,,,,,,,,
????????? ??????? Tiger,ISK10772,,,ISK11,Unit,Unit,Unit," 36,900.00 "," 60,000.00 ",2,,,,,,,,,,,
???? ?????? LOMA ????,ISK10773,,,ISK11,Unit,Unit,Unit," 7,790.00 "," 12,000.00 ",5,,,,,,,,,,,
???? ?????? LOMA ?,ISK10774,,,ISK11,Unit,Unit,Unit," 6,970.00 "," 12,000.00 ",5,,,,,,,,,,,
??????????? SUNSON  ????????,ISK10775,,,ISK11,Unit,Unit,Unit," 4,100.00 "," 12,000.00 ",5,,,,,,,,,,,
??????????? ????? HK 001,ISK10776,,,ISK11,Unit,Unit,Unit," 5,330.00 "," 12,000.00 ",5,,,,,,,,,,,
??????????? ????? HK 002,ISK10777,,,ISK11,Unit,Unit,Unit," 6,150.00 "," 12,000.00 ",5,,,,,,,,,,,
??????????? ????? HK 005,ISK10778,,,ISK11,Unit,Unit,Unit," 5,330.00 "," 12,000.00 ",5,,,,,,,,,,,
??????????? ????? HK 006,ISK10779,,,ISK11,Unit,Unit,Unit," 6,150.00 "," 12,000.00 ",5,,,,,,,,,,,
??????????? ????? HK 011 ,ISK10780,,,ISK11,Unit,Unit,Unit," 5,330.00 "," 12,000.00 ",5,,,,,,,,,,,
??????????? ????? HK 012 ,ISK10781,,,ISK11,Unit,Unit,Unit," 6,150.00 "," 12,000.00 ",5,,,,,,,,,,,
???????????????? ????? ???????????,ISK10782,,,ISK11,Unit,Unit,Unit," 6,970.00 ",#REF!,5,,,,,,,,,,,
???????? ??? ????? 4??? ???,ISK10783,,,ISK11,Unit,Unit,Unit," 5,740.00 ",#REF!,5,,,,,,,,,,,
???????? ??? ????? 5??? ???,ISK10784,,,ISK11,Unit,Unit,Unit," 6,150.00 ",#REF!,5,,,,,,,,,,,
???????? ??? ????? 6??? ???,ISK10785,,,ISK11,Unit,Unit,Unit," 6,560.00 ",#REF!,5,,,,,,,,,,,
???????? ?????? ????? 4??? ???,ISK10786,,,ISK11,Unit,Unit,Unit," 4,100.00 "," 8,000.00 ",5,,,,,,,,,,,
???????? ?????? ????? 5??? ???,ISK10787,,,ISK11,Unit,Unit,Unit," 4,510.00 "," 10,000.00 ",5,,,,,,,,,,,
???????? ?????? ????? 6??? ???,ISK10788,,,ISK11,Unit,Unit,Unit," 4,920.00 "," 10,000.00 ",5,,,,,,,,,,,
?????? 1?? 8350,ISK10789,,,ISK11,Unit,Unit,Unit," 131,200.00 "," 180,000.00 ",5,,,,,,,,,,,
?????? 1?? 7841,ISK10790,,,ISK11,Unit,Unit,Unit," 79,950.00 "," 100,000.00 ",5,,,,,,,,,,,
?????? 1?? 7639,ISK10791,,,ISK11,Unit,Unit,Unit," 65,600.00 "," 10,000.00 ",5,,,,,,,,,,,
?????? 1?? 5037c,ISK10792,,,ISK11,Unit,Unit,Unit," 36,900.00 "," 60,000.00 ",5,,,,,,,,,,,
?????? 1?? 5238c,ISK10793,,,ISK11,Unit,Unit,Unit," 57,400.00 "," 80,000.00 ",5,,,,,,,,,,,
?????? 2??  11050,ISK10794,,,ISK11,Unit,Unit,Unit," 155,800.00 "," 20,000.00 ",5,,,,,,,,,,,
?????? 1??  8350,ISK10795,,,ISK11,Unit,Unit,Unit," 127,100.00 "," 180,000.00 ",5,,,,,,,,,,,
?????? 2??  7842,ISK10796,,,ISK11,Unit,Unit,Unit," 147,600.00 "," 20,000.00 ",5,,,,,,,,,,,
?????? 2??  8243,ISK10797,,,ISK11,Unit,Unit,Unit," 151,700.00 "," 20,000.00 ",5,,,,,,,,,,,
?????? 2??  12050 ,ISK10798,,,ISK11,Unit,Unit,Unit," 143,500.00 "," 24,000.00 ",5,,,,,,,,,,,
?????? 2?? 11049c ,ISK10799,,,ISK11,Unit,Unit,Unit," 151,700.00 "," 20,000.00 ",5,,,,,,,,,,,
?????? 2??  7437-c ,ISK10800,,,ISK11,Unit,Unit,Unit," 77,900.00 "," 10,000.00 ",5,,,,,,,,,,,
?????? 2??  7843,ISK10801,,,ISK11,Unit,Unit,Unit," 102,500.00 "," 16,000.00 ",5,,,,,,,,,,,
?????? 7540 ,ISK10802,,,ISK11,Unit,Unit,Unit," 45,100.00 "," 80,000.00 ",5,,,,,,,,,,,
??????  B 050,ISK10803,,,ISK11,Unit,Unit,Unit," 55,350.00 "," 80,000.00 ",5,,,,,,,,,,,
??????  B 072????,ISK10804,,,ISK11,Unit,Unit,Unit," 71,750.00 "," 10,000.00 ",5,,,,,,,,,,,
??????  B 8344 ,ISK10805,,,ISK11,Unit,Unit,Unit," 102,500.00 "," 140,000.00 ",5,,,,,,,,,,,
????????? ??? LKT,ISK10806,,,ISK11,Unit,Unit,Unit," 9,430.00 "," 16,000.00 ",5,,,,,,,,,,,
????????? ??? SUNWA ??????,ISK10807,,,ISK11,Unit,Unit,Unit," 16,810.00 "," 28,000.00 ",5,,,,,,,,,,,
????????? ??? ?????,ISK10808,,,ISK11,Unit,Unit,Unit," 7,790.00 "," 12,000.00 ",5,,,,,,,,,,,
????????? ?? SUNWA ??????,ISK10809,,,ISK11,Unit,Unit,Unit," 15,990.00 "," 28,000.00 ",5,,,,,,,,,,,
????????? ?? ?????,ISK10810,,,ISK11,Unit,Unit,Unit," 7,790.00 "," 16,000.00 ",5,,,,,,,,,,,
????????? ??? ,ISK10811,,,ISK11,Unit,Unit,Unit," 1,640.00 "," 4,000.00 ",5,,,,,,,,,,,
????????? ??????,ISK10812,,,ISK11,Unit,Unit,Unit," 2,050.00 "," 4,000.00 ",5,,,,,,,,,,,
?????????? ??? ,ISK10813,,,ISK11,Unit,Unit,Unit," 2,050.00 "," 4,000.00 ",5,,,,,,,,,,,
?????????? ??????,ISK10814,,,ISK11,Unit,Unit,Unit," 2,460.00 "," 4,000.00 ",5,,,,,,,,,,,
?????? 3.75L K-17285,ISK10815,,,ISK11,Unit,Unit,Unit," 373,100.00 "," 440,000.00 ",5,,,,,,,,,,,
????????????? CRYSTAL ?,ISK10816,,,ISK11,Unit,Unit,Unit," 90,200.00 "," 140,000.00 ",5,,,,,,,,,,,
????????????? HC + ???????,ISK10817,,,ISK11,Unit,Unit,Unit," 65,600.00 "," 120,000.00 ",5,,,,,,,,,,,
????????????? MATO+ ???????,ISK10818,,,ISK11,Unit,Unit,Unit," 94,300.00 "," 140,000.00 ",5,,,,,,,,,,,
????????????????? K-2550= 17044 ,ISK10819,,,ISK11,Unit,Unit,Unit," 135,300.00 "," 162,000.00 ",5,,,,,,,,,,,
????????? ???? 3.75L - K-12441x,ISK10820,,,ISK11,Unit,Unit,Unit," 381,300.00 "," 470,000.00 ",5,,,,,,,,,,,
????????? ???? 3.75L - K-6357,ISK10821,,,ISK11,Unit,Unit,Unit," 352,600.00 "," 400,000.00 ",5,,,,,,,,,,,
????????? ???? ?????????? 3.5? 013,ISK10822,,,ISK11,Unit,Unit,Unit," 221,400.00 "," 260,000.00 ",5,,,,,,,,,,,
????????? ??? 4.8L - K-6359x,ISK10823,,,ISK11,Unit,Unit,Unit," 352,600.00 "," 450,000.00 ",5,,,,,,,,,,,
????????? ??? ?????????? 3.5? 1201,ISK10824,,,ISK11,Unit,Unit,Unit," 237,800.00 "," 280,000.00 ",5,,,,,,,,,,,
????????? ?????? ?????????? 3.5? 04,ISK10825,,,ISK11,Unit,Unit,Unit," 213,200.00 "," 260,000.00 ",5,,,,,,,,,,,
??????????-3.75L ??? K-45535,ISK10826,,,ISK11,Unit,Unit,Unit," 360,800.00 "," 440,000.00 ",5,,,,,,,,,,,
????????? ???? ??????? 17285,ISK10827,,,ISK11,Unit,Unit,Unit," 377,200.00 "," 460,000.00 ",5,,,,,,,,,,,
????????? 3.75 ??????  K 99293x ???? ???? ,ISK10828,,,ISK11,Unit,Unit,Unit," 405,900.00 "," 480,000.00 ",5,,,,,,,,,,,
????????? ?????? ??????????,ISK10829,,,ISK11,Unit,Unit,Unit," 31,980.00 "," 52,000.00 ",5,,,,,,,,,,,
????????? ??? ? ?????,ISK10830,,,ISK11,Unit,Unit,Unit," 32,800.00 "," 52,000.00 ",5,,,,,,,,,,,
????????? ??? ??????,ISK10831,,,ISK11,Unit,Unit,Unit," 28,700.00 "," 52,000.00 ",5,,,,,,,,,,,
????????? ???? ???????????,ISK10832,,,ISK11,Unit,Unit,Unit," 31,980.00 "," 52,000.00 ",5,,,,,,,,,,,
????????? Karat,ISK10833,,,ISK11,Unit,Unit,Unit," 73,800.00 "," 100,000.00 ",5,,,,,,,,,,,
??????? ???? karat BA 01-50,ISK10834,,,ISK11,Unit,Unit,Unit," 51,250.00 "," 75,000.00 ",5,,,,,,,,,,,
??????? ??? ? ??????+ ????????-?????2???? - ????????,ISK10835,,,ISK11,Unit,Unit,Unit," 24,190.00 "," 36,000.00 ",5,,,,,,,,,,,
??????? ??? ? ????+ ????????-?????2???? - ????????,ISK10836,,,ISK11,Unit,Unit,Unit," 24,190.00 "," 36,000.00 ",5,,,,,,,,,,,
??????? SATO 1109 + ?????????,ISK10837,,,ISK11,Unit,Unit,Unit," 24,190.00 "," 40,000.00 ",5,,,,,,,,,,,
??????? SATO 1110 + ?????????,ISK10838,,,ISK11,Unit,Unit,Unit," 30,750.00 "," 40,000.00 ",5,,,,,,,,,,,
??????? SATO 11006 + ?????????,ISK10839,,,ISK11,Unit,Unit,Unit," 24,190.00 "," 40,000.00 ",5,,,,,,,,,,,
??????? SATO 1102 + ?????????,ISK10840,,,ISK11,Unit,Unit,Unit," 24,190.00 "," 40,000.00 ",5,,,,,,,,,,,
??????? ? Karat -KS 01-251-50,ISK10841,,,ISK11,Unit,Unit,Unit," 45,100.00 "," 70,000.00 ",5,,,,,,,,,,,
??????? ????? RS 001,ISK10842,,,ISK11,Unit,Unit,Unit," 15,580.00 "," 20,000.00 ",5,,,,,,,,,,,
??????? ????? RS 003,ISK10843,,,ISK11,Unit,Unit,Unit," 22,550.00 "," 32,000.00 ",5,,,,,,,,,,,
??????? ????? RS 005 ????,ISK10844,,,ISK11,Unit,Unit,Unit," 22,550.00 "," 32,000.00 ",5,,,,,,,,,,,
??????? ????? RS 007,ISK10845,,,ISK11,Unit,Unit,Unit," 26,650.00 "," 40,000.00 ",5,,,,,,,,,,,
??????? ????? RS 203,ISK10846,,,ISK11,Unit,Unit,Unit," 22,550.00 "," 32,000.00 ",5,,,,,,,,,,,
??????? ????? RS 204,ISK10847,,,ISK11,Unit,Unit,Unit," 22,550.00 "," 32,000.00 ",5,,,,,,,,,,,
??????? ????? RS 206B,ISK10848,,,ISK11,Unit,Unit,Unit," 26,650.00 "," 40,000.00 ",5,,,,,,,,,,,
??????? ????? RS 207,ISK10849,,,ISK11,Unit,Unit,Unit," 24,600.00 "," 40,000.00 ",5,,,,,,,,,,,
??????? ????? RS 208,ISK10850,,,ISK11,Unit,Unit,Unit," 26,650.00 "," 40,000.00 ",5,,,,,,,,,,,
??????? ????? RS 303,ISK10851,,,ISK11,Unit,Unit,Unit," 22,550.00 "," 32,000.00 ",5,,,,,,,,,,,
??????? ????? RS 304,ISK10852,,,ISK11,Unit,Unit,Unit," 22,550.00 "," 32,000.00 ",5,,,,,,,,,,,
??????? ????? RS 401,ISK10853,,,ISK11,Unit,Unit,Unit," 18,450.00 "," 28,000.00 ",5,,,,,,,,,,,
??????? ????? RS 402,ISK10854,,,ISK11,Unit,Unit,Unit," 18,450.00 "," 28,000.00 ",5,,,,,,,,,,,
??????? ????? RS 404,ISK10855,,,ISK11,Unit,Unit,Unit," 22,550.00 "," 32,000.00 ",5,,,,,,,,,,,
??????? ????? RS 502 ????,ISK10856,,,ISK11,Unit,Unit,Unit," 18,450.00 "," 28,000.00 ",5,,,,,,,,,,,
??????? ????? RS 502 ????????,ISK10857,,,ISK11,Unit,Unit,Unit," 18,450.00 "," 28,000.00 ",5,,,,,,,,,,,
??????? ????? RS 502 ????,ISK10858,,,ISK11,Unit,Unit,Unit," 18,450.00 "," 28,000.00 ",5,,,,,,,,,,,
??????? ????? RS 502 ?,ISK10859,,,ISK11,Unit,Unit,Unit," 18,450.00 ",#REF!,5,,,,,,,,,,,
??????? ????? RS 502 ?????,ISK10860,,,ISK11,Unit,Unit,Unit," 18,450.00 ",#REF!,5,,,,,,,,,,,
??????? ????? RS 503,ISK10861,,,ISK11,Unit,Unit,Unit," 18,450.00 ",#REF!,5,,,,,,,,,,,
??????? ????? RS 504,ISK10862,,,ISK11,Unit,Unit,Unit," 18,450.00 ",#REF!,5,,,,,,,,,,,
??????? ????? RS 505,ISK10863,,,ISK11,Unit,Unit,Unit," 18,450.00 ",#REF!,5,,,,,,,,,,,
?????????? ? Karat BA -03-50,ISK10864,,,ISK11,Unit,Unit,Unit," 38,950.00 "," 70,000.00 ",5,,,,,,,,,,,
??????????? ????? -407 ???????,ISK10865,,,ISK11,Unit,Unit,Unit," 17,630.00 "," 32,000.00 ",5,,,,,,,,,,,
??????????? ????? -407 ??????,ISK10866,,,ISK11,Unit,Unit,Unit," 17,630.00 "," 32,000.00 ",5,,,,,,,,,,,
??????????? ????? -407 ????,ISK10867,,,ISK11,Unit,Unit,Unit," 17,630.00 "," 32,000.00 ",5,,,,,,,,,,,
??????????? ????? -408,ISK10868,,,ISK11,Unit,Unit,Unit," 17,630.00 "," 32,000.00 ",5,,,,,,,,,,,
??????????? ????? -409 ?,ISK10869,,,ISK11,Unit,Unit,Unit," 19,680.00 "," 32,000.00 ",5,,,,,,,,,,,
???. ??????? TF-522A ,ISK10870,,,ISK11,Unit,Unit,Unit," 48,380.00 "," 60,000.00 ",5,,,,,,,,,,,
???. ???????  TF-522B ,ISK10871,,,ISK11,Unit,Unit,Unit," 44,280.00 "," 60,000.00 ",5,,,,,,,,,,,
???. ??????? TF-522C ,ISK10872,,,ISK11,Unit,Unit,Unit," 44,280.00 "," 60,000.00 ",5,,,,,,,,,,,
???. ??????? TF-522D ,ISK10873,,,ISK11,Unit,Unit,Unit," 44,280.00 "," 60,000.00 ",5,,,,,,,,,,,
???. ??????? TF-522E ,ISK10874,,,ISK11,Unit,Unit,Unit," 44,280.00 "," 60,000.00 ",5,,,,,,,,,,,
???. SW-404,ISK10875,,,ISK11,Unit,Unit,Unit," 37,720.00 "," 52,000.00 ",5,,,,,,,,,,,
???.  SW-604,ISK10876,,,ISK11,Unit,Unit,Unit," 33,620.00 "," 52,000.00 ",5,,,,,,,,,,,
???. SW-504,ISK10877,,,ISK11,Unit,Unit,Unit," 37,720.00 "," 52,000.00 ",5,,,,,,,,,,,
???.  SW-304,ISK10878,,,ISK11,Unit,Unit,Unit," 37,720.00 "," 52,000.00 ",5,,,,,,,,,,,
???.  7127,ISK10879,,,ISK11,Unit,Unit,Unit," 21,730.00 "," 28,000.00 ",5,,,,,,,,,,,
???.  7128=7009,ISK10880,,,ISK11,Unit,Unit,Unit," 21,730.00 "," 28,000.00 ",5,,,,,,,,,,,
???.  8004-7137,ISK10881,,,ISK11,Unit,Unit,Unit," 24,600.00 "," 40,000.00 ",5,,,,,,,,,,,
???.  7133,ISK10882,,,ISK11,Unit,Unit,Unit," 26,650.00 "," 40,000.00 ",5,,,,,,,,,,,
???.  7135,ISK10883,,,ISK11,Unit,Unit,Unit," 26,650.00 "," 40,000.00 ",5,,,,,,,,,,,
???.  7132,ISK10884,,,ISK11,Unit,Unit,Unit," 24,600.00 "," 40,000.00 ",5,,,,,,,,,,,
???. ????????????? ?????,ISK10885,,,ISK11,Unit,Unit,Unit," 16,400.00 "," 28,000.00 ",5,,,,,,,,,,,
???????? ???? ????????????,ISK10886,,,ISK11,Unit,Unit,Unit," 2,460.00 "," 4,000.00 ",5,,,,,,,,,,,
???????? ?????? -NNK-21 ??,ISK10887,,,ISK11,Unit,Unit,Unit," 6,560.00 "," 12,000.00 ",5,,,,,,,,,,,
???????? ?????? ???? SANWA -21 ?????,ISK10888,,,ISK11,Unit,Unit,Unit," 11,890.00 "," 20,000.00 ",5,,,,,,,,,,,
???????? ??????  CK -21 ??,ISK10889,,,ISK11,Unit,Unit,Unit," 3,280.00 "," 6,000.00 ",5,,,,,,,,,,,
???????? ??????  302,ISK10890,,,ISK11,Unit,Unit,Unit," 11,890.00 "," 20,000.00 ",5,,,,,,,,,,,
???????? ?????? ?????? SANWA -21,ISK10891,,,ISK11,Unit,Unit,Unit," 9,020.00 "," 16,000.00 ",5,,,,,,,,,,,
????????????????????? ,ISK10892,,,ISK11,Unit,Unit,Unit," 6,560.00 "," 10,000.00 ",5,,,,,,,,,,,
???????? ???? ???? + ????? ?????????,ISK10893,,,ISK11,Unit,Unit,Unit," 4,510.00 "," 6,000.00 ",5,,,,,,,,,,,
???????? ?????????? SUNWA,ISK10894,,,ISK11,Unit,Unit,Unit," 29,520.00 "," 40,000.00 ",5,,,,,,,,,,,
???????????? ?????? LKT (A) ????????,ISK10895,,,ISK11,Unit,Unit,Unit," 13,530.00 "," 20,000.00 ",5,,,,,,,,,,,
????????????- ?????? ????? ?????????,ISK10896,,,ISK11,Unit,Unit,Unit," 11,890.00 "," 20,000.00 ",5,,,,,,,,,,,
???? K 1120= K17317,ISK10897,,,ISK11,Unit,Unit,Unit," 90,200.00 "," 120,000.00 ",5,,,,,,,,,,,
???? K 1220 = 17337,ISK10898,,,ISK11,Unit,Unit,Unit," 90,200.00 "," 120,000.00 ",5,,,,,,,,,,,
???? K 1230= K17340,ISK10899,,,ISK11,Unit,Unit,Unit," 77,900.00 "," 100,000.00 ",5,,,,,,,,,,,
????????????? 201,ISK10900,,,ISK11,Unit,Unit,Unit," 41,000.00 "," 60,000.00 ",5,,,,,,,,,,,
?????????- ?????? 315,ISK10901,,,ISK11,Unit,Unit,Unit," 36,900.00 "," 60,000.00 ",5,,,,,,,,,,,
??????? -?????? 202,ISK10902,,,ISK11,Unit,Unit,Unit," 36,900.00 "," 60,000.00 ",5,,,,,,,,,,,
?????? karat ?????? BW 01-50,ISK10903,,,ISK11,Unit,Unit,Unit," 33,620.00 "," 52,000.00 ",5,,,,,,,,,,,
?????? Loma HK 001,ISK10904,,,ISK11,Unit,Unit,Unit," 13,530.00 "," 20,000.00 ",5,,,,,,,,,,,
?????? Loma HK 002,ISK10905,,,ISK11,Unit,Unit,Unit," 15,990.00 "," 22,000.00 ",5,,,,,,,,,,,
?????? Loma HK 003,ISK10906,,,ISK11,Unit,Unit,Unit," 13,530.00 "," 20,000.00 ",5,,,,,,,,,,,
?????? Loma HK 004,ISK10907,,,ISK11,Unit,Unit,Unit," 15,990.00 "," 22,000.00 ",5,,,,,,,,,,,
?????? Loma HK 005,ISK10908,,,ISK11,Unit,Unit,Unit," 13,530.00 "," 20,000.00 ",5,,,,,,,,,,,
?????? Loma HK 006,ISK10909,,,ISK11,Unit,Unit,Unit," 15,990.00 "," 22,000.00 ",5,,,,,,,,,,,
?????? Loma HK 007,ISK10910,,,ISK11,Unit,Unit,Unit," 13,530.00 "," 20,000.00 ",5,,,,,,,,,,,
?????? Loma HK 008,ISK10911,,,ISK11,Unit,Unit,Unit," 15,990.00 "," 22,000.00 ",5,,,,,,,,,,,
?????? Loma HK 009,ISK10912,,,ISK11,Unit,Unit,Unit," 13,530.00 "," 20,000.00 ",5,,,,,,,,,,,
?????? Loma HK 010,ISK10913,,,ISK11,Unit,Unit,Unit," 15,990.00 "," 22,000.00 ",5,,,,,,,,,,,
?????? Loma HK 011 ??????,ISK10914,,,ISK11,Unit,Unit,Unit," 13,530.00 "," 20,000.00 ",5,,,,,,,,,,,
?????? Loma HK 012 ??????,ISK10915,,,ISK11,Unit,Unit,Unit," 15,990.00 "," 22,000.00 ",5,,,,,,,,,,,
?????? Penguin 43,ISK10916,,,ISK11,Unit,Unit,Unit," 26,650.00 "," 40,000.00 ",5,,,,,,,,,,,
?????? SUNSON,ISK10917,,,ISK11,Unit,Unit,Unit," 9,430.00 "," 16,000.00 ",5,,,,,,,,,,,
??????? Sunson 111,ISK10918,,,ISK11,Unit,Unit,Unit," 9,430.00 "," 20,000.00 ",5,,,,,,,,,,,
??????? Sunson 222,ISK10919,,,ISK11,Unit,Unit,Unit," 9,430.00 "," 20,000.00 ",5,,,,,,,,,,,
??????? Sunson 333,ISK10920,,,ISK11,Unit,Unit,Unit," 9,840.00 "," 20,000.00 ",5,,,,,,,,,,,
?????? Sunwa 016,ISK10921,,,ISK11,Unit,Unit,Unit," 30,750.00 "," 40,000.00 ",5,,,,,,,,,,,
?????? ????karat BW 01-11,ISK10922,,,ISK11,Unit,Unit,Unit," 21,730.00 "," 36,000.00 ",5,,,,,,,,,,,
??????????? 7 ??????? 223C,ISK10923,,,ISK11,Unit,Unit,Unit," 20,500.00 "," 32,000.00 ",5,,,,,,,,,,,
??????????? 7 ??????? 223W- ?,ISK10924,,,ISK11,Unit,Unit,Unit," 12,300.00 "," 20,000.00 ",5,,,,,,,,,,,
??????????? 7 ????? ? 221 W ?,ISK10925,,,ISK11,Unit,Unit,Unit," 12,300.00 "," 20,000.00 ",5,,,,,,,,,,,
?????????????2 ???????????????????,ISK10926,,,ISK11,Unit,Unit,Unit," 20,090.00 "," 28,000.00 ",5,,,,,,,,,,,
?????????????2 ????? ??????,ISK10927,,,ISK11,Unit,Unit,Unit," 19,270.00 "," 28,000.00 ",5,,,,,,,,,,,
??? ?????? ?????? 21????????????????? 1B,ISK10928,,,ISK11,Unit,Unit,Unit," 9,430.00 "," 28,000.00 ",5,,,,,,,,,,,
???. ?????? Sunwa-WF-311A-????????,ISK10929,,,ISK11,Unit,Unit,Unit," 34,030.00 "," 48,000.00 ",5,,,,,,,,,,,
???????? ??????  31316,ISK10930,,,ISK11,Unit,Unit,Unit," 17,630.00 "," 28,000.00 ",5,,,,,,,,,,,
???????? ?? Loma-003-5,ISK10931,,,ISK11,Unit,Unit,Unit," 13,120.00 "," 20,000.00 ",5,,,,,,,,,,,
?????????????? 750-6,ISK10932,,,ISK11,Unit,Unit,Unit," 14,760.00 "," 24,000.00 ",5,,,,,,,,,,,
??????????????  388D-5,ISK10933,,,ISK11,Unit,Unit,Unit," 25,830.00 "," 36,000.00 ",5,,,,,,,,,,,
??????????????  388D-6,ISK10934,,,ISK11,Unit,Unit,Unit," 29,930.00 "," 40,000.00 ",5,,,,,,,,,,,
??????????????Loma-387D-5,ISK10935,,,ISK11,Unit,Unit,Unit," 22,550.00 "," 36,000.00 ",5,,,,,,,,,,,
??????????????Loma-387D-6,ISK10936,,,ISK11,Unit,Unit,Unit," 26,650.00 "," 40,000.00 ",5,,,,,,,,,,,
????????? ???? HC,ISK10937,,,ISK11,Unit,Unit,Unit," 67,650.00 "," 100,000.00 ",5,,,,,,,,,,,
?????????? 1???? S-230,ISK10938,,,ISK11,Unit,Unit,Unit," 18,450.00 "," 320,000.00 ",5,,,,,,,,,,,
?????????? 1???? S-2023,ISK10939,,,ISK11,Unit,Unit,Unit," 38,950.00 "," 52,000.00 ",5,,,,,,,,,,,
????????? 2???? A062,ISK10940,,,ISK11,Unit,Unit,Unit," 28,700.00 "," 40,000.00 ",5,,,,,,,,,,,
????????? 1????402- 2????,ISK10941,,,ISK11,Unit,Unit,Unit," 18,450.00 "," 28,000.00 ",5,,,,,,,,,,,
??????????? 1??,ISK10942,,,ISK11,Unit,Unit,Unit," 18,450.00 "," 28,000.00 ",5,,,,,,,,,,,
??????????? 2??,ISK10943,,,ISK11,Unit,Unit,Unit," 30,750.00 "," 40,000.00 ",5,,,,,,,,,,,
???? 8?? (100),ISK10944,,,MNEQUIP,Unit,Unit,Unit, 184.50 , 500.00 ,50,,,,,,,,,,,
???? 10?? (70),ISK10945,,,MNEQUIP,Unit,Unit,Unit, 262.40 , 700.00 ,50,,,,,,,,,,,
???? 12?? (30),ISK10946,,,MNEQUIP,Unit,Unit,Unit, 615.00 ," 1,000.00 ",50,,,,,,,,,,,
?????? ????? ??? ???,ISK10947,,,MNEQUIP,Unit,Unit,Unit," 3,280.00 "," 5,000.00 ",10,,,,,,,,,,,
?????? ????? ??? ??????,ISK10948,,,MNEQUIP,Unit,Unit,Unit," 4,100.00 "," 6,000.00 ",10,,,,,,,,,,,
?????? ????? ??? ??,ISK10949,,,MNEQUIP,Unit,Unit,Unit," 5,330.00 "," 7,000.00 ",10,,,,,,,,,,,
???????????????,ISK10950,,,MNEQUIP,Unit,Unit,Unit," 6,560.00 "," 8,500.00 ",10,,,,,,,,,,,
??????????????????,ISK10951,,,MNEQUIP,Unit,Unit,Unit," 7,380.00 "," 9,500.00 ",10,,,,,,,,,,,
?????? 18 ??,ISK10952,,,MNEQUIP,Unit,Unit,Unit, 738.00 ," 1,000.00 ",20,,,,,,,,,,,
?????? 20??,ISK10953,,,MNEQUIP,Unit,Unit,Unit, 984.00 ," 1,500.00 ",20,,,,,,,,,,,
?????? 22 ??,ISK10954,,,MNEQUIP,Unit,Unit,Unit," 1,066.00 "," 2,000.00 ",20,,,,,,,,,,,
????????? 4,ISK10955,,,MNEQUIP,Unit,Unit,Unit," 2,665.00 "," 3,500.00 ",20,,,,,,,,,,,
????????? 2,ISK10956,,,MNEQUIP,Unit,Unit,Unit," 3,690.00 "," 5,000.00 ",20,,,,,,,,,,,
????????? 0,ISK10957,,,MNEQUIP,Unit,Unit,Unit," 10,250.00 "," 13,500.00 ",20,,,,,,,,,,,
????????? ???? ???,ISK10958,,,MNEQUIP,Unit,Unit,Unit," 2,255.00 "," 3,000.00 ",20,,,,,,,,,,,
????????? ???? ??????,ISK10959,,,MNEQUIP,Unit,Unit,Unit," 3,690.00 "," 5,000.00 ",20,,,,,,,,,,,
????????? ???? ??,ISK10960,,,MNEQUIP,Unit,Unit,Unit," 5,535.00 "," 10,000.00 ",20,,,,,,,,,,,
??????? ,ISK10961,,,MNEQUIP,Unit,Unit,Unit," 11,480.00 ", 500.00 ,20,,,,,,,,,,,
??????????? (20),ISK10962,,,MNEQUIP,Unit,Unit,Unit," 11,480.00 "," 1,000.00 ",20,,,,,,,,,,,
??? 0.6 ??? ,ISK10963,,,MNEQUIP,Unit,Unit,Unit," 13,530.00 "," 18,000.00 ",20,,,,,,,,,,,
??? 0.8 ??? ,ISK10964,,,MNEQUIP,Unit,Unit,Unit," 17,220.00 "," 22,000.00 ",20,,,,,,,,,,,
??? 1??? ??? ,ISK10965,,,MNEQUIP,Unit,Unit,Unit," 22,140.00 "," 28,000.00 ",20,,,,,,,,,,,
???????? ???,ISK10966,,,MNEQUIP,Unit,Unit,Unit," 4,920.00 "," 7,000.00 ",20,,,,,,,,,,,
???????? ??,ISK10967,,,MNEQUIP,Unit,Unit,Unit," 6,970.00 "," 9,000.00 ",20,,,,,,,,,,,
??? 0.4 ???,ISK10968,,,MNEQUIP,Unit,Unit,Unit," 5,330.00 "," 7,000.00 ",20,,,,,,,,,,,
??? 0.6 ???,ISK10969,,,MNEQUIP,Unit,Unit,Unit," 7,790.00 "," 10,000.00 ",20,,,,,,,,,,,
??? 0.6 ?????,ISK10970,,,MNEQUIP,Unit,Unit,Unit," 16,400.00 "," 23,000.00 ",20,,,,,,,,,,,
??? 0.8 ???,ISK10971,,,MNEQUIP,Unit,Unit,Unit," 9,020.00 "," 13,000.00 ",20,,,,,,,,,,,
??? 0.8 ?????,ISK10972,,,MNEQUIP,Unit,Unit,Unit," 19,270.00 "," 27,000.00 ",20,,,,,,,,,,,
??? 1 ??? ???,ISK10973,,,MNEQUIP,Unit,Unit,Unit," 13,940.00 "," 18,000.00 ",20,,,,,,,,,,,
??? 1 ??? ?????,ISK10974,,,MNEQUIP,Unit,Unit,Unit," 27,880.00 "," 37,500.00 ",20,,,,,,,,,,,
??????? 0.22,ISK10975,,,MNEQUIP,Unit,Unit,Unit, 902.00 ," 1,500.00 ",20,,,,,,,,,,,
??????? 0.4,ISK10976,,,MNEQUIP,Unit,Unit,Unit," 1,722.00 "," 2,500.00 ",20,,,,,,,,,,,
??????? 0.6,ISK10977,,,MNEQUIP,Unit,Unit,Unit," 2,460.00 "," 3,000.00 ",20,,,,,,,,,,,
???????????,ISK10978,,,MNEQUIP,Unit,Unit,Unit, 697.00 ," 1,000.00 ",20,,,,,,,,,,,
???????? 50*50,ISK10979,,,MNEQUIP,Unit,Unit,Unit," 9,430.00 "," 12,000.00 ",20,,,,,,,,,,,
???????? 50*55,ISK10980,,,MNEQUIP,Unit,Unit,Unit," 10,250.00 "," 14,000.00 ",20,,,,,,,,,,,
???????? 50*60,ISK10981,,,MNEQUIP,Unit,Unit,Unit," 11,070.00 "," 15,000.00 ",20,,,,,,,,,,,
???????? 50*65,ISK10982,,,KL-DOOR,Unit,Unit,Unit," 12,300.00 "," 16,000.00 ",20,,,,,,,,,,,
???????? 50*70,ISK10983,,,KL-DOOR,Unit,Unit,Unit," 14,350.00 "," 18,000.00 ",20,,,,,,,,,,,
???????? 50*80,ISK10984,,,KL-DOOR,Unit,Unit,Unit," 14,965.00 "," 20,000.00 ",20,,,,,,,,,,,
???????? 50*90,ISK10985,,,KL-DOOR,Unit,Unit,Unit," 15,580.00 "," 22,000.00 ",20,,,,,,,,,,,
???????? 50*100,ISK10986,,,KL-DOOR,Unit,Unit,Unit," 15,990.00 "," 25,000.00 ",20,,,,,,,,,,,
?????? ESE 1T,ISK10987,,,KL-DOOR,Unit,Unit,Unit," 4,100.00 "," 6,000.00 ",20,,,,,,,,,,,
?????? ESE 1.5T,ISK10988,,,ISK12,sl,sl,sl," 5,330.00 "," 7,000.00 ",40,,,,,,,,,,,
?????? ESE 2T,ISK10989,,,ISK12,sl,sl,sl," 6,150.00 "," 8,000.00 ",40,,,,,,,,,,,
?????? ESE 3T,ISK10990,,,ISK12,sl,sl,sl," 8,200.00 "," 12,000.00 ",40,,,,,,,,,,,
?????? ESE 4T,ISK10991,,,ISK12,sl,sl,sl," 9,840.00 "," 13,000.00 ",40,,,,,,,,,,,
?????? ESE 5T,ISK10992,,,ISK12,sl,sl,sl," 11,070.00 "," 15,000.00 ",40,,,,,,,,,,,
???????????? 2.4*0.9,ISK10993,,,ISK12,sl,sl,sl," 12,177.00 "," 14,000.00 ",40,,,,,,,,,,,
???????????? 3*0.9,ISK10994,,,ISK12,sl,sl,sl," 15,170.00 "," 18,000.00 ",40,,,,,,,,,,,
????????????? 2?,ISK10995,,,ISK12,sl,sl,sl," 7,240.60 "," 9,000.00 ",40,,,,,,,,,,,
??????????????? 2?,ISK10996,,,ISK12,sl,sl,sl," 7,240.60 "," 9,000.00 ",40,,,,,,,,,,,
????????????? 2.4?,ISK10997,,,ISK12,sl,sl,sl," 8,688.72 "," 11,000.00 ",40,,,,,,,,,,,
??????????????? 2.4?,ISK10998,,,ISK12,sl,sl,sl," 8,692.00 "," 11,000.00 ",40,,,,,,,,,,,
